Country Code,Country,Year,DisasterCount,TotalAffected,TotalDamage_USD
AFG,Afghanistan,2009,5,65857.0,20000.0
AFG,Afghanistan,2010,5,46200.0,0.0
AFG,Afghanistan,2011,4,1762815.0,142000.0
AFG,Afghanistan,2012,11,54812.0,0.0
AFG,Afghanistan,2013,6,21628.0,0.0
AFG,Afghanistan,2014,3,142055.0,3000.0
AFG,Afghanistan,2015,7,129849.0,3000.0
AFG,Afghanistan,2016,4,0.0,0.0
AFG,Afghanistan,2017,5,11240.0,0.0
AFG,Afghanistan,2018,5,13504000.0,0.0
AFG,Afghanistan,2019,7,130942.0,0.0
AFG,Afghanistan,2020,7,51817.0,0.0
AFG,Afghanistan,2021,4,11035033.0,0.0
AFG,Afghanistan,2022,8,635414.0,0.0
AFG,Afghanistan,2023,6,407984.0,217000.0
AGO,Angola,2009,5,251003.0,0.0
AGO,Angola,2010,3,189781.0,0.0
AGO,Angola,2011,4,90684.0,0.0
AGO,Angola,2012,1,1833900.0,0.0
AGO,Angola,2013,1,1000.0,0.0
AGO,Angola,2015,4,9599.0,0.0
AGO,Angola,2016,4,9899.0,0.0
AGO,Angola,2017,2,1450250.0,2000.0
AGO,Angola,2018,2,3139.0,0.0
AGO,Angola,2019,3,16520.0,0.0
AGO,Angola,2020,3,1663916.0,0.0
AGO,Angola,2021,2,9937.0,0.0
AGO,Angola,2023,2,160725.0,0.0
AIA,Anguilla,2017,1,15000.0,200000.0
ALB,Albania,2009,2,6750.0,0.0
ALB,Albania,2010,1,14000.0,0.0
ALB,Albania,2012,1,230000.0,0.0
ALB,Albania,2013,1,2800.0,0.0
ALB,Albania,2015,2,42300.0,0.0
ALB,Albania,2016,1,4800.0,0.0
ALB,Albania,2017,2,21002.0,8900.0
ALB,Albania,2018,1,1340.0,0.0
ALB,Albania,2019,3,207825.0,745000.0
ALB,Albania,2021,1,84.0,0.0
ALB,Albania,2022,1,0.0,0.0
ALB,Albania,2023,1,0.0,0.0
ARE,United Arab Emirates,2017,1,188.0,0.0
ARG,Argentina,2009,6,67518.0,15000.0
ARG,Argentina,2010,1,0.0,0.0
ARG,Argentina,2011,1,3000.0,104000.0
ARG,Argentina,2012,3,19530.0,12000.0
ARG,Argentina,2013,2,350012.0,1302000.0
ARG,Argentina,2014,4,7553.0,62000.0
ARG,Argentina,2015,5,145633.0,17200.0
ARG,Argentina,2016,2,85769.0,1002000.0
ARG,Argentina,2017,4,54443.0,0.0
ARG,Argentina,2018,5,64620.0,3400000.0
ARG,Argentina,2019,4,70383.0,0.0
ARG,Argentina,2020,2,3250.0,10000.0
ARG,Argentina,2021,3,3111.0,0.0
ARG,Argentina,2022,1,124085.0,770000.0
ARG,Argentina,2023,4,52820.0,125000.0
ARM,Armenia,2013,2,76000.0,60000.0
ARM,Armenia,2016,1,750.0,0.0
ARM,Armenia,2018,1,9900.0,1822.0
ARM,Armenia,2019,1,11700.0,0.0
ARM,Armenia,2020,1,2836.0,0.0
ARM,Armenia,2023,1,18000.0,0.0
ASM,American Samoa,2009,1,2500.0,0.0
ATG,Antigua and Barbuda,2010,1,5000.0,12600.0
ATG,Antigua and Barbuda,2017,1,1800.0,250000.0
AUS,Australia,2009,6,36554.0,1510000.0
AUS,Australia,2010,8,186000.0,10129000.0
AUS,Australia,2011,3,7637.0,2554000.0
AUS,Australia,2012,2,16000.0,588000.0
AUS,Australia,2013,3,8940.0,2366000.0
AUS,Australia,2014,4,52829.0,1125000.0
AUS,Australia,2015,8,8781.0,2732000.0
AUS,Australia,2016,4,2836.0,635000.0
AUS,Australia,2017,3,51143.0,3210000.0
AUS,Australia,2018,3,600.0,1211400.0
AUS,Australia,2019,3,19410.0,4000000.0
AUS,Australia,2020,3,0.0,3900000.0
AUS,Australia,2021,7,28718.0,3335000.0
AUS,Australia,2022,5,247212.0,8446000.0
AUS,Australia,2023,6,4137.0,0.0
AUT,Austria,2009,4,0.0,700000.0
AUT,Austria,2012,1,0.0,0.0
AUT,Austria,2013,1,200.0,1000000.0
AUT,Austria,2016,1,0.0,0.0
AUT,Austria,2017,2,330.0,118000.0
AUT,Austria,2019,2,0.0,0.0
AUT,Austria,2021,1,0.0,0.0
AUT,Austria,2022,2,13.0,0.0
AUT,Austria,2023,2,0.0,0.0
AZE,Azerbaijan,2009,1,5000.0,0.0
AZE,Azerbaijan,2010,1,70000.0,0.0
AZE,Azerbaijan,2012,3,22499.0,0.0
BDI,Burundi,2009,2,188000.0,0.0
BDI,Burundi,2010,3,3490.0,0.0
BDI,Burundi,2011,4,1335.0,0.0
BDI,Burundi,2014,1,12682.0,2000.0
BDI,Burundi,2015,2,7179.0,13000.0
BDI,Burundi,2016,1,193.0,0.0
BDI,Burundi,2017,1,810.0,0.0
BDI,Burundi,2018,3,47956.0,0.0
BDI,Burundi,2019,3,13715.0,0.0
BDI,Burundi,2020,3,41762.0,0.0
BDI,Burundi,2021,1,52182.0,0.0
BDI,Burundi,2023,2,9585.0,0.0
BEL,Belgium,2009,1,0.0,0.0
BEL,Belgium,2010,3,690.0,398146.0
BEL,Belgium,2011,1,71.0,99000.0
BEL,Belgium,2012,1,0.0,0.0
BEL,Belgium,2013,2,0.0,0.0
BEL,Belgium,2014,1,0.0,0.0
BEL,Belgium,2015,1,0.0,0.0
BEL,Belgium,2016,2,0.0,0.0
BEL,Belgium,2018,2,0.0,0.0
BEL,Belgium,2019,3,0.0,0.0
BEL,Belgium,2020,2,0.0,0.0
BEL,Belgium,2021,3,101950.0,2000000.0
BEL,Belgium,2022,2,0.0,0.0
BEL,Belgium,2023,3,3000.0,0.0
BEN,Benin,2009,3,120457.0,0.0
BEN,Benin,2010,4,832037.0,0.0
BEN,Benin,2011,1,5840.0,0.0
BEN,Benin,2012,1,55000.0,0.0
BEN,Benin,2013,3,35980.0,0.0
BEN,Benin,2016,1,678.0,0.0
BEN,Benin,2019,1,24.0,0.0
BEN,Benin,2020,1,7000.0,0.0
BEN,Benin,2021,1,35850.0,0.0
BEN,Benin,2022,1,73000.0,0.0
BFA,Burkina Faso,2009,3,154392.0,150000.0
BFA,Burkina Faso,2010,2,139322.0,176.0
BFA,Burkina Faso,2011,1,2850000.0,0.0
BFA,Burkina Faso,2012,1,21000.0,0.0
BFA,Burkina Faso,2013,1,11396.0,0.0
BFA,Burkina Faso,2014,1,4000000.0,0.0
BFA,Burkina Faso,2015,1,28925.0,31000.0
BFA,Burkina Faso,2016,1,34893.0,0.0
BFA,Burkina Faso,2017,2,9911.0,0.0
BFA,Burkina Faso,2020,4,3030452.0,0.0
BFA,Burkina Faso,2022,1,3500928.0,0.0
BFA,Burkina Faso,2023,1,3050.0,0.0
BGD,Bangladesh,2009,6,4504550.0,270000.0
BGD,Bangladesh,2010,6,887390.0,0.0
BGD,Bangladesh,2011,5,1672680.0,0.0
BGD,Bangladesh,2012,5,5658154.0,0.0
BGD,Bangladesh,2013,3,1532207.0,20000.0
BGD,Bangladesh,2014,4,3205709.0,160000.0
BGD,Bangladesh,2015,8,4073354.0,84000.0
BGD,Bangladesh,2016,4,3103625.0,750000.0
BGD,Bangladesh,2017,6,11467013.0,628000.0
BGD,Bangladesh,2018,4,14000.0,0.0
BGD,Bangladesh,2019,6,7884067.0,80785.0
BGD,Bangladesh,2020,2,8048271.0,2000000.0
BGD,Bangladesh,2021,2,1568744.0,0.0
BGD,Bangladesh,2022,2,8200000.0,462500.0
BGD,Bangladesh,2023,5,3250018.0,251000.0
BGR,Bulgaria,2010,2,90.0,0.0
BGR,Bulgaria,2012,4,38160.0,4400.0
BGR,Bulgaria,2014,5,9287.0,932000.0
BGR,Bulgaria,2015,1,0.0,5800.0
BGR,Bulgaria,2017,1,0.0,0.0
BGR,Bulgaria,2018,1,600.0,0.0
BGR,Bulgaria,2021,2,525.0,0.0
BGR,Bulgaria,2022,2,10937.0,47000.0
BGR,Bulgaria,2023,4,4036.0,0.0
BHS,Bahamas,2011,1,10000.0,40000.0
BHS,Bahamas,2012,1,0.0,0.0
BHS,Bahamas,2013,1,1000.0,45000.0
BHS,Bahamas,2015,1,6710.0,90000.0
BHS,Bahamas,2016,1,0.0,600000.0
BHS,Bahamas,2017,1,0.0,2000.0
BHS,Bahamas,2019,1,14940.0,3400000.0
BIH,Bosnia and Herzegovina,2009,3,13730.0,0.0
BIH,Bosnia and Herzegovina,2010,2,34910.0,87000.0
BIH,Bosnia and Herzegovina,2012,1,10347.0,0.0
BIH,Bosnia and Herzegovina,2014,4,1000600.0,436580.0
BIH,Bosnia and Herzegovina,2015,1,0.0,0.0
BIH,Bosnia and Herzegovina,2019,2,800.0,0.0
BIH,Bosnia and Herzegovina,2020,1,3000.0,0.0
BIH,Bosnia and Herzegovina,2021,1,250000.0,0.0
BIH,Bosnia and Herzegovina,2022,2,4052.0,26000.0
BIH,Bosnia and Herzegovina,2023,2,10020.0,0.0
BLM,Saint Barthélemy,2017,1,0.0,0.0
BLR,Belarus,2012,1,130.0,0.0
BLR,Belarus,2013,1,11325.0,0.0
BLR,Belarus,2014,1,31500.0,0.0
BLR,Belarus,2017,1,50539.0,0.0
BLR,Belarus,2018,1,50000.0,0.0
BLR,Belarus,2023,1,420.0,0.0
BLZ,Belize,2010,1,0.0,0.0
BLZ,Belize,2015,1,20000.0,0.0
BLZ,Belize,2016,1,10355.0,0.0
BLZ,Belize,2020,1,60000.0,0.0
BLZ,Belize,2022,1,172150.0,100000.0
BOL,Bolivia (Plurinational State of),2009,1,63000.0,0.0
BOL,Bolivia (Plurinational State of),2010,5,315896.0,100000.0
BOL,Bolivia (Plurinational State of),2011,2,92825.0,20000.0
BOL,Bolivia (Plurinational State of),2012,1,69085.0,0.0
BOL,Bolivia (Plurinational State of),2013,5,841869.0,2500.0
BOL,Bolivia (Plurinational State of),2014,3,247700.0,200000.0
BOL,Bolivia (Plurinational State of),2015,2,96890.0,0.0
BOL,Bolivia (Plurinational State of),2016,3,670420.0,450000.0
BOL,Bolivia (Plurinational State of),2018,2,13614.0,0.0
BOL,Bolivia (Plurinational State of),2019,5,388540.0,0.0
BOL,Bolivia (Plurinational State of),2020,3,163611.0,10000.0
BOL,Bolivia (Plurinational State of),2021,7,303597.0,0.0
BOL,Bolivia (Plurinational State of),2022,1,375000.0,0.0
BOL,Bolivia (Plurinational State of),2023,6,2258970.0,0.0
BRA,Brazil,2009,10,1992151.0,745000.0
BRA,Brazil,2010,5,306938.0,802000.0
BRA,Brazil,2011,9,2157753.0,1002000.0
BRA,Brazil,2012,3,4299000.0,1631000.0
BRA,Brazil,2013,6,261274.0,635500.0
BRA,Brazil,2014,5,27618152.0,5200000.0
BRA,Brazil,2015,6,309547.0,4000.0
BRA,Brazil,2016,3,51277.0,200000.0
BRA,Brazil,2017,2,104450.0,100000.0
BRA,Brazil,2018,3,1550.0,53000.0
BRA,Brazil,2019,8,10048973.0,0.0
BRA,Brazil,2020,7,18280.0,3600000.0
BRA,Brazil,2021,9,1608050.0,3543000.0
BRA,Brazil,2022,12,224081.0,5141000.0
BRA,Brazil,2023,16,1239520.0,3851200.0
BRB,Barbados,2010,2,2500.0,0.0
BRB,Barbados,2017,1,0.0,0.0
BRB,Barbados,2021,1,3300.0,0.0
BRB,Barbados,2023,1,179.0,0.0
BTN,Bhutan,2009,2,12.0,0.0
BTN,Bhutan,2011,1,20016.0,0.0
BTN,Bhutan,2021,2,502.0,0.0
BWA,Botswana,2009,3,5056.0,0.0
BWA,Botswana,2011,1,0.0,0.0
BWA,Botswana,2013,1,4210.0,0.0
BWA,Botswana,2015,1,0.0,44000.0
BWA,Botswana,2017,1,3250.0,0.0
BWA,Botswana,2018,1,4225.0,0.0
BWA,Botswana,2019,1,38000.0,0.0
BWA,Botswana,2023,1,37000.0,0.0
CAF,Central African Republic,2009,3,23972.0,0.0
CAF,Central African Republic,2010,1,1585.0,0.0
CAF,Central African Republic,2011,3,4938.0,0.0
CAF,Central African Republic,2012,2,3893.0,0.0
CAF,Central African Republic,2013,2,41737.0,0.0
CAF,Central African Republic,2015,1,1116.0,0.0
CAF,Central African Republic,2016,1,266.0,0.0
CAF,Central African Republic,2017,2,7190.0,0.0
CAF,Central African Republic,2018,1,119.0,0.0
CAF,Central African Republic,2019,2,48518.0,0.0
CAF,Central African Republic,2021,1,3957.0,0.0
CAF,Central African Republic,2022,3,2369695.0,0.0
CAF,Central African Republic,2023,1,6066.0,0.0
CAN,Canada,2009,3,203.0,500000.0
CAN,Canada,2011,3,9000.0,2300000.0
CAN,Canada,2012,3,1500.0,1084000.0
CAN,Canada,2013,3,100000.0,7310000.0
CAN,Canada,2014,2,6904.0,129000.0
CAN,Canada,2015,1,13036.0,0.0
CAN,Canada,2016,2,88300.0,4000000.0
CAN,Canada,2017,3,62554.0,200000.0
CAN,Canada,2018,4,7930.0,325000.0
CAN,Canada,2019,2,19500.0,1075000.0
CAN,Canada,2020,2,72936.0,2500000.0
CAN,Canada,2021,4,15552.0,2105912.0
CAN,Canada,2022,6,6000.0,215000.0
CAN,Canada,2023,4,31450.0,365000.0
CHE,Switzerland,2009,1,0.0,1000000.0
CHE,Switzerland,2010,2,0.0,14000.0
CHE,Switzerland,2011,1,3.0,0.0
CHE,Switzerland,2012,2,0.0,0.0
CHE,Switzerland,2013,2,84.0,250000.0
CHE,Switzerland,2014,1,0.0,0.0
CHE,Switzerland,2017,1,200.0,0.0
CHE,Switzerland,2018,1,16.0,0.0
CHE,Switzerland,2019,1,0.0,0.0
CHE,Switzerland,2020,1,13.0,0.0
CHE,Switzerland,2021,3,5.0,0.0
CHE,Switzerland,2022,1,0.0,0.0
CHE,Switzerland,2023,3,15040.0,0.0
CHL,Chile,2010,2,2671706.0,30000000.0
CHL,Chile,2011,4,30457.0,200000.0
CHL,Chile,2012,3,29679.0,303100.0
CHL,Chile,2013,1,0.0,1000000.0
CHL,Chile,2014,3,538942.0,134000.0
CHL,Chile,2015,7,884066.0,2900000.0
CHL,Chile,2016,1,100.0,100000.0
CHL,Chile,2017,5,26974.0,552000.0
CHL,Chile,2019,3,2127.0,0.0
CHL,Chile,2021,2,1131.0,175000.0
CHL,Chile,2022,2,13051.0,0.0
CHL,Chile,2023,4,64589.0,2765000.0
CHN,China,2009,26,128762751.0,9031552.0
CHN,China,2010,25,180656804.0,22675436.0
CHN,China,2011,20,124272883.0,12048115.0
CHN,China,2012,28,44562685.0,19754533.0
CHN,China,2013,43,27549425.0,35448900.0
CHN,China,2014,41,64912574.0,29056973.0
CHN,China,2015,36,3785759.0,18472540.0
CHN,China,2016,33,72201622.0,44917660.0
CHN,China,2017,30,14890393.0,16484900.0
CHN,China,2018,22,8338124.0,15324172.0
CHN,China,2019,16,5339601.0,18646000.0
CHN,China,2020,12,14925979.0,23092000.0
CHN,China,2021,17,17888974.0,25556500.0
CHN,China,2022,12,6309457.0,16000000.0
CHN,China,2023,17,2864655.0,29550000.0
CIV,Côte d’Ivoire,2009,1,10006.0,0.0
CIV,Côte d’Ivoire,2010,2,6425.0,0.0
CIV,Côte d’Ivoire,2014,2,0.0,0.0
CIV,Côte d’Ivoire,2015,1,0.0,0.0
CIV,Côte d’Ivoire,2016,1,0.0,0.0
CIV,Côte d’Ivoire,2017,2,846.0,0.0
CIV,Côte d’Ivoire,2018,1,25000.0,0.0
CIV,Côte d’Ivoire,2019,1,14646.0,0.0
CIV,Côte d’Ivoire,2020,1,18657.0,0.0
CIV,Côte d’Ivoire,2022,1,11592.0,0.0
CMR,Cameroon,2009,1,1456.0,0.0
CMR,Cameroon,2010,2,10964.0,0.0
CMR,Cameroon,2011,1,16706.0,0.0
CMR,Cameroon,2012,3,63980.0,2000.0
CMR,Cameroon,2013,1,805.0,0.0
CMR,Cameroon,2014,3,252056.0,0.0
CMR,Cameroon,2015,2,30858.0,0.0
CMR,Cameroon,2017,1,12890.0,0.0
CMR,Cameroon,2018,1,942.0,0.0
CMR,Cameroon,2019,1,0.0,0.0
CMR,Cameroon,2020,1,26402.0,0.0
CMR,Cameroon,2022,5,2556202.0,15000.0
CMR,Cameroon,2023,2,95260.0,0.0
COD,Democratic Republic of the Congo,2009,6,21248.0,0.0
COD,Democratic Republic of the Congo,2010,6,78779.0,0.0
COD,Democratic Republic of the Congo,2011,4,36757.0,0.0
COD,Democratic Republic of the Congo,2012,5,28161.0,0.0
COD,Democratic Republic of the Congo,2014,3,4767.0,15000.0
COD,Democratic Republic of the Congo,2015,5,247953.0,0.0
COD,Democratic Republic of the Congo,2016,4,15273.0,0.0
COD,Democratic Republic of the Congo,2017,3,1532.0,0.0
COD,Democratic Republic of the Congo,2018,3,19240.0,0.0
COD,Democratic Republic of the Congo,2019,5,611181.0,0.0
COD,Democratic Republic of the Congo,2020,7,231506.0,0.0
COD,Democratic Republic of the Congo,2021,2,291066.0,0.0
COD,Democratic Republic of the Congo,2022,7,26234265.0,0.0
COD,Democratic Republic of the Congo,2023,8,67726.0,10000.0
COG,Congo,2010,1,524.0,0.0
COG,Congo,2011,3,10819.0,0.0
COG,Congo,2012,2,9614.0,0.0
COG,Congo,2013,1,1071.0,0.0
COG,Congo,2019,5,461246.0,0.0
COG,Congo,2020,2,66000.0,0.0
COG,Congo,2021,1,46652.0,0.0
COG,Congo,2022,1,164679.0,0.0
COG,Congo,2023,2,1885992.0,0.0
COK,Cook Islands,2009,1,1247.0,0.0
COK,Cook Islands,2010,1,2202.0,0.0
COL,Colombia,2009,3,31850.0,0.0
COL,Colombia,2010,6,2796760.0,1000000.0
COL,Colombia,2011,3,1487698.0,2320000.0
COL,Colombia,2012,4,104753.0,102000.0
COL,Colombia,2013,3,62967.0,6000.0
COL,Colombia,2014,5,72232.0,8000.0
COL,Colombia,2015,5,168689.0,0.0
COL,Colombia,2016,3,2284.0,0.0
COL,Colombia,2017,7,76725.0,104000.0
COL,Colombia,2018,2,60000.0,0.0
COL,Colombia,2019,7,119536.0,0.0
COL,Colombia,2020,6,334429.0,160000.0
COL,Colombia,2021,11,50467.0,0.0
COL,Colombia,2022,14,269508.0,11000.0
COL,Colombia,2023,4,46394.0,0.0
COM,Comoros,2009,1,2500.0,0.0
COM,Comoros,2012,1,65137.0,5000.0
COM,Comoros,2014,2,19511.0,0.0
COM,Comoros,2019,2,345311.0,0.0
CPV,Cabo Verde,2009,2,20297.0,0.0
CPV,Cabo Verde,2014,1,2500.0,0.0
CPV,Cabo Verde,2015,1,0.0,1100.0
CPV,Cabo Verde,2017,1,70000.0,0.0
CPV,Cabo Verde,2020,1,25000.0,0.0
CPV,Cabo Verde,2022,1,46093.0,0.0
CPV,Cabo Verde,2023,1,4002.0,0.0
CRI,Costa Rica,2009,1,128618.0,200000.0
CRI,Costa Rica,2010,2,3106.0,0.0
CRI,Costa Rica,2011,1,46695.0,0.0
CRI,Costa Rica,2012,2,10285.0,45000.0
CRI,Costa Rica,2013,1,12000.0,0.0
CRI,Costa Rica,2015,3,28116.0,0.0
CRI,Costa Rica,2016,1,50000.0,0.0
CRI,Costa Rica,2017,1,11500.0,185000.0
CRI,Costa Rica,2018,1,125190.0,0.0
CRI,Costa Rica,2019,2,4852.0,0.0
CRI,Costa Rica,2020,1,25000.0,0.0
CRI,Costa Rica,2021,1,200000.0,0.0
CRI,Costa Rica,2022,1,300000.0,0.0
CRI,Costa Rica,2023,1,14403.0,0.0
CUB,Cuba,2012,3,211101.0,0.0
CUB,Cuba,2013,1,227.0,0.0
CUB,Cuba,2015,2,110089.0,0.0
CUB,Cuba,2016,1,190000.0,2600000.0
CUB,Cuba,2017,1,10000000.0,540000.0
CUB,Cuba,2018,2,40540.0,0.0
CUB,Cuba,2019,1,10111.0,0.0
CUB,Cuba,2020,2,4333.0,0.0
CUB,Cuba,2021,2,0.0,100000.0
CUB,Cuba,2022,3,3209080.0,50000.0
CUB,Cuba,2023,2,18500.0,0.0
CYP,Cyprus,2021,1,150.0,47000.0
CYP,Cyprus,2022,1,0.0,0.0
CYP,Cyprus,2023,1,0.0,0.0
CZE,Czechia,2009,2,14462.0,150000.0
CZE,Czechia,2010,4,8800.0,347560.0
CZE,Czechia,2012,2,0.0,0.0
CZE,Czechia,2013,1,1300000.0,828552.0
CZE,Czechia,2017,1,600.0,2900.0
CZE,Czechia,2018,1,0.0,0.0
CZE,Czechia,2020,2,29.0,32000.0
CZE,Czechia,2021,3,3815.0,701000.0
CZE,Czechia,2022,3,3.0,0.0
CZE,Czechia,2023,2,0.0,0.0
DEU,Germany,2009,4,0.0,70000.0
DEU,Germany,2010,4,1400.0,1000000.0
DEU,Germany,2012,2,0.0,0.0
DEU,Germany,2013,4,600002.0,17700000.0
DEU,Germany,2014,2,1.0,400000.0
DEU,Germany,2016,1,0.0,2000000.0
DEU,Germany,2017,3,624.0,899000.0
DEU,Germany,2018,2,12.0,588475.0
DEU,Germany,2019,3,0.0,0.0
DEU,Germany,2020,1,33.0,0.0
DEU,Germany,2021,3,1604.0,40000000.0
DEU,Germany,2022,4,2.0,1023156.0
DEU,Germany,2023,4,0.0,0.0
DJI,Djibouti,2010,1,200258.0,0.0
DJI,Djibouti,2018,1,25000.0,0.0
DJI,Djibouti,2019,1,250000.0,0.0
DJI,Djibouti,2020,2,110000.0,0.0
DJI,Djibouti,2022,1,192168.0,0.0
DMA,Dominica,2011,1,240.0,0.0
DMA,Dominica,2015,1,28594.0,482810.0
DMA,Dominica,2017,1,71393.0,1456000.0
DNK,Denmark,2010,1,0.0,0.0
DNK,Denmark,2013,2,0.0,0.0
DNK,Denmark,2022,2,3.0,0.0
DNK,Denmark,2023,1,0.0,0.0
DOM,Dominican Republic,2009,3,17835.0,52403.0
DOM,Dominican Republic,2010,4,64521.0,0.0
DOM,Dominican Republic,2011,4,55420.0,30000.0
DOM,Dominican Republic,2012,5,83175.0,30000.0
DOM,Dominican Republic,2013,1,0.0,102.0
DOM,Dominican Republic,2014,1,300.0,0.0
DOM,Dominican Republic,2015,3,23333.0,0.0
DOM,Dominican Republic,2016,3,2795448.0,0.0
DOM,Dominican Republic,2017,3,42587.0,63000.0
DOM,Dominican Republic,2018,2,15390.0,0.0
DOM,Dominican Republic,2019,1,16907.0,0.0
DOM,Dominican Republic,2020,2,15595.0,165000.0
DOM,Dominican Republic,2021,2,4178.0,0.0
DOM,Dominican Republic,2022,3,1435269.0,0.0
DOM,Dominican Republic,2023,3,600402.0,17500.0
DZA,Algeria,2009,2,2548.0,0.0
DZA,Algeria,2011,1,793.0,779000.0
DZA,Algeria,2012,2,101.0,0.0
DZA,Algeria,2014,1,420.0,0.0
DZA,Algeria,2015,2,35000.0,0.0
DZA,Algeria,2017,1,125000.0,0.0
DZA,Algeria,2018,1,200.0,0.0
DZA,Algeria,2019,1,125025.0,0.0
DZA,Algeria,2020,1,15000.0,0.0
DZA,Algeria,2021,3,45423.0,0.0
DZA,Algeria,2022,1,6768.0,0.0
DZA,Algeria,2023,2,31694.0,0.0
ECU,Ecuador,2009,2,119307.0,1700.0
ECU,Ecuador,2010,4,13440.0,0.0
ECU,Ecuador,2011,2,3750.0,0.0
ECU,Ecuador,2012,3,80772.0,0.0
ECU,Ecuador,2013,4,28732.0,0.0
ECU,Ecuador,2015,3,931227.0,0.0
ECU,Ecuador,2016,4,423466.0,2010000.0
ECU,Ecuador,2019,4,3409.0,0.0
ECU,Ecuador,2020,2,18975.0,0.0
ECU,Ecuador,2021,4,151809.0,0.0
ECU,Ecuador,2022,6,43183.0,53000.0
ECU,Ecuador,2023,4,216810.0,205000.0
EGY,Egypt,2010,3,3540.0,0.0
EGY,Egypt,2015,2,201.0,0.0
EGY,Egypt,2016,1,32572.0,25000.0
EGY,Egypt,2020,1,20400.0,76000.0
EGY,Egypt,2021,1,6235.0,0.0
ERI,Eritrea,2020,1,0.0,0.0
ESP,Spain,2009,3,1793.0,1900000.0
ESP,Spain,2010,3,14000.0,340000.0
ESP,Spain,2011,2,17700.0,200000.0
ESP,Spain,2012,3,761.0,395000.0
ESP,Spain,2013,2,600.0,0.0
ESP,Spain,2014,1,0.0,0.0
ESP,Spain,2015,2,1750.0,2000.0
ESP,Spain,2016,1,150.0,50000.0
ESP,Spain,2017,2,1500.0,0.0
ESP,Spain,2018,4,200.0,150000.0
ESP,Spain,2019,6,3893.0,2500000.0
ESP,Spain,2020,1,2000.0,315000.0
ESP,Spain,2021,3,250.0,2041000.0
ESP,Spain,2022,2,3500.0,0.0
ESP,Spain,2023,6,32800.0,2770000.0
EST,Estonia,2012,1,0.0,0.0
EST,Estonia,2018,1,0.0,0.0
EST,Estonia,2022,1,0.0,0.0
EST,Estonia,2023,1,0.0,0.0
ETH,Ethiopia,2009,2,6213652.0,0.0
ETH,Ethiopia,2010,3,81667.0,0.0
ETH,Ethiopia,2011,2,4845879.0,0.0
ETH,Ethiopia,2012,1,1000000.0,0.0
ETH,Ethiopia,2013,4,51788.0,2200.0
ETH,Ethiopia,2015,2,10410600.0,1400000.0
ETH,Ethiopia,2016,2,493080.0,0.0
ETH,Ethiopia,2018,3,4021.0,36.0
ETH,Ethiopia,2019,5,201801.0,0.0
ETH,Ethiopia,2020,4,1229854.0,0.0
ETH,Ethiopia,2021,2,6800000.0,0.0
ETH,Ethiopia,2022,3,24384831.0,640000.0
ETH,Ethiopia,2023,2,1740000.0,0.0
FIN,Finland,2022,1,0.0,0.0
FIN,Finland,2023,1,0.0,0.0
FJI,Fiji,2009,2,14401.0,56547.0
FJI,Fiji,2010,1,39101.0,39427.0
FJI,Fiji,2012,3,27945.0,97400.0
FJI,Fiji,2015,1,67000.0,0.0
FJI,Fiji,2016,2,545558.0,600000.0
FJI,Fiji,2018,2,179200.0,60000.0
FJI,Fiji,2019,2,7794.0,0.0
FJI,Fiji,2020,3,205115.0,14120.0
FJI,Fiji,2021,1,82751.0,10000.0
FJI,Fiji,2022,1,69564.0,25000.0
FJI,Fiji,2023,1,230000.0,0.0
FRA,France,2009,5,200.0,3200000.0
FRA,France,2010,4,501079.0,5730000.0
FRA,France,2011,2,2300.0,0.0
FRA,France,2012,1,0.0,0.0
FRA,France,2013,4,9350.0,655000.0
FRA,France,2014,7,9800.0,485000.0
FRA,France,2015,3,750.0,924000.0
FRA,France,2016,1,20024.0,2400000.0
FRA,France,2017,3,12183.0,550000.0
FRA,France,2018,7,5096.0,912000.0
FRA,France,2019,10,3242.0,415000.0
FRA,France,2020,8,15667.0,1020000.0
FRA,France,2021,9,2402.0,5633000.0
FRA,France,2022,6,60378.0,0.0
FRA,France,2023,8,527509.0,2135000.0
FSM,Micronesia (Federated States of),2015,1,35000.0,11000.0
FSM,Micronesia (Federated States of),2016,1,100000.0,0.0
FSM,Micronesia (Federated States of),2019,1,10000.0,0.0
FSM,Micronesia (Federated States of),2023,1,113401.0,0.0
GAB,Gabon,2009,1,800.0,0.0
GAB,Gabon,2010,4,4081.0,0.0
GAB,Gabon,2012,1,77845.0,0.0
GAB,Gabon,2023,1,3000.0,0.0
GBR,United Kingdom of Great Britain and Northern Ireland,2009,3,4127.0,484000.0
GBR,United Kingdom of Great Britain and Northern Ireland,2010,3,400.0,500.0
GBR,United Kingdom of Great Britain and Northern Ireland,2012,4,3995.0,3311000.0
GBR,United Kingdom of Great Britain and Northern Ireland,2013,5,4800.0,1500000.0
GBR,United Kingdom of Great Britain and Northern Ireland,2014,2,19000.0,724000.0
GBR,United Kingdom of Great Britain and Northern Ireland,2015,2,63600.0,2400000.0
GBR,United Kingdom of Great Britain and Northern Ireland,2017,2,300.0,0.0
GBR,United Kingdom of Great Britain and Northern Ireland,2018,3,784.0,10000.0
GBR,United Kingdom of Great Britain and Northern Ireland,2019,3,4800.0,0.0
GBR,United Kingdom of Great Britain and Northern Ireland,2020,4,6880.0,0.0
GBR,United Kingdom of Great Britain and Northern Ireland,2021,1,0.0,0.0
GBR,United Kingdom of Great Britain and Northern Ireland,2022,5,0.0,491342.0
GBR,United Kingdom of Great Britain and Northern Ireland,2023,2,0.0,0.0
GEO,Georgia,2009,1,7306.0,0.0
GEO,Georgia,2011,1,1750.0,0.0
GEO,Georgia,2012,2,106036.0,94000.0
GEO,Georgia,2013,3,26750.0,0.0
GEO,Georgia,2014,1,12000.0,0.0
GEO,Georgia,2015,1,10320.0,23000.0
GEO,Georgia,2018,1,1143.0,0.0
GEO,Georgia,2019,1,5088.0,0.0
GEO,Georgia,2020,1,5133.0,0.0
GEO,Georgia,2021,1,1780.0,0.0
GEO,Georgia,2022,1,5200.0,0.0
GEO,Georgia,2023,2,350000.0,0.0
GHA,Ghana,2009,2,159545.0,0.0
GHA,Ghana,2010,3,17274.0,0.0
GHA,Ghana,2011,3,104046.0,0.0
GHA,Ghana,2012,2,5441.0,0.0
GHA,Ghana,2013,2,25560.0,0.0
GHA,Ghana,2014,1,56469.0,0.0
GHA,Ghana,2015,2,5465.0,12000.0
GHA,Ghana,2016,2,172.0,0.0
GHA,Ghana,2017,2,1000012.0,0.0
GHA,Ghana,2018,1,100000.0,0.0
GHA,Ghana,2019,2,26102.0,0.0
GHA,Ghana,2020,2,200.0,0.0
GHA,Ghana,2021,2,326.0,0.0
GHA,Ghana,2022,1,5000.0,0.0
GHA,Ghana,2023,2,41114.0,0.0
GIN,Guinea,2009,1,40000.0,0.0
GIN,Guinea,2010,2,48026.0,0.0
GIN,Guinea,2011,1,20143.0,0.0
GIN,Guinea,2012,1,5523.0,0.0
GIN,Guinea,2013,2,11249.0,0.0
GIN,Guinea,2014,1,3814.0,0.0
GIN,Guinea,2015,2,30120.0,0.0
GIN,Guinea,2017,2,3409.0,0.0
GIN,Guinea,2020,1,49541.0,0.0
GIN,Guinea,2021,2,71837.0,0.0
GIN,Guinea,2022,1,49536.0,0.0
GIN,Guinea,2023,1,25072.0,0.0
GLP,Guadeloupe,2010,1,33000.0,0.0
GLP,Guadeloupe,2017,1,80002.0,120000.0
GLP,Guadeloupe,2022,1,0.0,0.0
GMB,Gambia,2009,2,16608.0,0.0
GMB,Gambia,2010,2,38961.0,0.0
GMB,Gambia,2012,1,428000.0,0.0
GMB,Gambia,2013,1,3300.0,0.0
GMB,Gambia,2014,1,0.0,0.0
GMB,Gambia,2015,1,63100.0,0.0
GMB,Gambia,2017,1,20000.0,0.0
GMB,Gambia,2019,1,15101.0,0.0
GMB,Gambia,2021,1,16949.0,0.0
GMB,Gambia,2022,1,17201.0,0.0
GNB,Guinea-Bissau,2010,1,56792.0,0.0
GNB,Guinea-Bissau,2018,1,11541.0,0.0
GNQ,Equatorial Guinea,2023,1,16.0,0.0
GRC,Greece,2009,2,1040.0,0.0
GRC,Greece,2010,1,150.0,0.0
GRC,Greece,2012,2,200.0,0.0
GRC,Greece,2014,3,79345.0,628000.0
GRC,Greece,2015,1,500.0,0.0
GRC,Greece,2016,1,200.0,56000.0
GRC,Greece,2017,4,6875.0,0.0
GRC,Greece,2018,1,4718.0,0.0
GRC,Greece,2019,1,123.0,0.0
GRC,Greece,2020,4,4369.0,1030000.0
GRC,Greece,2021,3,12547.0,620000.0
GRC,Greece,2022,2,55000.0,0.0
GRC,Greece,2023,5,24521.0,200000.0
GRD,Grenada,2010,1,0.0,0.0
GTM,Guatemala,2009,3,2513828.0,0.0
GTM,Guatemala,2010,6,455908.0,1150000.0
GTM,Guatemala,2011,7,537871.0,61913.0
GTM,Guatemala,2012,3,1598227.0,210000.0
GTM,Guatemala,2013,2,2549.0,2000.0
GTM,Guatemala,2014,5,1590424.0,58000.0
GTM,Guatemala,2015,4,81459.0,5000.0
GTM,Guatemala,2016,2,101.0,0.0
GTM,Guatemala,2017,7,49335.0,0.0
GTM,Guatemala,2018,4,3291359.0,44669.0
GTM,Guatemala,2019,3,84717.0,0.0
GTM,Guatemala,2020,5,2874142.0,386000.0
GTM,Guatemala,2021,3,24616.0,0.0
GTM,Guatemala,2022,3,3378636.0,204000.0
GTM,Guatemala,2023,3,4524384.0,0.0
GUF,French Guiana,2020,1,139.0,0.0
GUM,Guam,2023,1,100000.0,4300000.0
GUY,Guyana,2010,1,0.0,14700.0
GUY,Guyana,2015,1,199000.0,0.0
GUY,Guyana,2017,1,3274.0,0.0
GUY,Guyana,2021,1,34500.0,0.0
GUY,Guyana,2022,1,500.0,0.0
HKG,"China, Hong Kong Special Administrative Region",2009,1,350.0,0.0
HKG,"China, Hong Kong Special Administrative Region",2010,1,15000.0,0.0
HKG,"China, Hong Kong Special Administrative Region",2017,2,156.0,755500.0
HKG,"China, Hong Kong Special Administrative Region",2018,1,300.0,0.0
HKG,"China, Hong Kong Special Administrative Region",2021,2,175.0,0.0
HKG,"China, Hong Kong Special Administrative Region",2023,3,205.0,0.0
HND,Honduras,2009,3,106907.0,100000.0
HND,Honduras,2010,5,56685.0,90000.0
HND,Honduras,2011,1,69798.0,0.0
HND,Honduras,2012,1,125000.0,0.0
HND,Honduras,2013,1,34128.0,0.0
HND,Honduras,2014,3,2046000.0,1400.0
HND,Honduras,2016,2,450151.0,0.0
HND,Honduras,2017,4,48140.0,0.0
HND,Honduras,2018,2,366948.0,0.0
HND,Honduras,2019,1,71216.0,0.0
HND,Honduras,2020,4,5163484.0,0.0
HND,Honduras,2021,1,2503.0,0.0
HND,Honduras,2022,3,222457.0,0.0
HND,Honduras,2023,3,56958.0,0.0
HRV,Croatia,2010,2,5210.0,80000.0
HRV,Croatia,2012,3,1500.0,0.0
HRV,Croatia,2014,2,9616.0,0.0
HRV,Croatia,2015,1,1200.0,0.0
HRV,Croatia,2017,2,8080.0,161000.0
HRV,Croatia,2018,1,471.0,0.0
HRV,Croatia,2019,1,65.0,0.0
HRV,Croatia,2020,2,228349.0,13023400.0
HRV,Croatia,2022,2,0.0,0.0
HRV,Croatia,2023,3,6277.0,0.0
HTI,Haiti,2009,3,12706.0,0.0
HTI,Haiti,2010,7,4314226.0,8000000.0
HTI,Haiti,2011,4,7482.0,0.0
HTI,Haiti,2012,7,242139.0,254000.0
HTI,Haiti,2013,1,33265.0,0.0
HTI,Haiti,2014,3,1069343.0,2000.0
HTI,Haiti,2015,3,66969.0,0.0
HTI,Haiti,2016,9,5801040.0,2086000.0
HTI,Haiti,2017,5,90434.0,0.0
HTI,Haiti,2018,1,39336.0,0.0
HTI,Haiti,2019,2,4433.0,0.0
HTI,Haiti,2020,1,44175.0,0.0
HTI,Haiti,2021,4,716146.0,1620071.0
HTI,Haiti,2022,4,16915.0,0.0
HTI,Haiti,2023,2,225143.0,420000.0
HUN,Hungary,2010,1,5000.0,440000.0
HUN,Hungary,2012,1,0.0,0.0
HUN,Hungary,2013,3,64365.0,0.0
HUN,Hungary,2014,1,6500.0,0.0
HUN,Hungary,2016,1,2282.0,0.0
HUN,Hungary,2017,1,1298.0,0.0
HUN,Hungary,2018,1,0.0,0.0
HUN,Hungary,2019,1,150000.0,0.0
HUN,Hungary,2022,1,0.0,0.0
HUN,Hungary,2023,1,0.0,0.0
IDN,Indonesia,2009,12,2877208.0,2381430.0
IDN,Indonesia,2010,12,225272.0,78000.0
IDN,Indonesia,2011,12,28336.0,5850.0
IDN,Indonesia,2012,13,52075.0,1000.0
IDN,Indonesia,2013,16,680194.0,3136000.0
IDN,Indonesia,2014,10,542287.0,1114000.0
IDN,Indonesia,2015,12,489380.0,1235000.0
IDN,Indonesia,2016,15,481805.0,233000.0
IDN,Indonesia,2017,12,534836.0,34000.0
IDN,Indonesia,2018,15,2925625.0,2604000.0
IDN,Indonesia,2019,19,1200774.0,1318000.0
IDN,Indonesia,2020,29,909980.0,29300.0
IDN,Indonesia,2021,28,1579212.0,928700.0
IDN,Indonesia,2022,20,2607555.0,136000.0
IDN,Indonesia,2023,15,18911788.0,0.0
IND,India,2009,17,11096639.0,2734000.0
IND,India,2010,18,4279488.0,2149000.0
IND,India,2011,13,12829319.0,2032625.0
IND,India,2012,10,4318360.0,244000.0
IND,India,2013,12,16708827.0,2377471.0
IND,India,2014,16,6154264.0,23465000.0
IND,India,2015,22,346558129.0,6949000.0
IND,India,2016,16,3816813.0,2574000.0
IND,India,2017,18,22395195.0,2117000.0
IND,India,2018,23,32361348.0,6108980.0
IND,India,2019,14,23201828.0,11810000.0
IND,India,2020,11,19648352.0,26430000.0
IND,India,2021,19,3833811.0,7810000.0
IND,India,2022,7,2196260.0,4200000.0
IND,India,2023,17,15242115.0,128000.0
IRL,Ireland,2009,1,6800.0,0.0
IRL,Ireland,2011,1,600.0,325000.0
IRL,Ireland,2014,1,0.0,0.0
IRL,Ireland,2015,1,0.0,0.0
IRL,Ireland,2017,2,600.0,0.0
IRL,Ireland,2018,1,0.0,0.0
IRL,Ireland,2020,1,0.0,0.0
IRL,Ireland,2021,1,0.0,0.0
IRL,Ireland,2022,2,0.0,0.0
IRL,Ireland,2023,1,0.0,0.0
IRN,Iran (Islamic Republic of),2009,1,269.0,0.0
IRN,Iran (Islamic Republic of),2010,5,4753.0,0.0
IRN,Iran (Islamic Republic of),2012,4,68307.0,500000.0
IRN,Iran (Islamic Republic of),2013,3,5997.0,600000.0
IRN,Iran (Islamic Republic of),2014,3,452580.0,94000.0
IRN,Iran (Islamic Republic of),2015,5,26430.0,636000.0
IRN,Iran (Islamic Republic of),2016,1,2000.0,0.0
IRN,Iran (Islamic Republic of),2017,5,213382.0,1130000.0
IRN,Iran (Islamic Republic of),2018,4,26148.0,186000.0
IRN,Iran (Islamic Republic of),2019,5,10026386.0,2670000.0
IRN,Iran (Islamic Republic of),2020,9,243650.0,2358000.0
IRN,Iran (Islamic Republic of),2021,7,5202387.0,175000.0
IRN,Iran (Islamic Republic of),2022,5,199655.0,344000.0
IRN,Iran (Islamic Republic of),2023,6,307788.0,305000.0
IRQ,Iraq,2009,1,3000.0,0.0
IRQ,Iraq,2011,1,2001.0,0.0
IRQ,Iraq,2012,1,0.0,0.0
IRQ,Iraq,2013,1,0.0,0.0
IRQ,Iraq,2015,2,67217.0,0.0
IRQ,Iraq,2017,1,5969.0,0.0
IRQ,Iraq,2018,1,25000.0,0.0
IRQ,Iraq,2019,1,5865.0,0.0
IRQ,Iraq,2020,1,1500.0,100000.0
IRQ,Iraq,2021,3,7010703.0,14000.0
IRQ,Iraq,2022,1,5000.0,0.0
IRQ,Iraq,2023,1,0.0,0.0
ISL,Iceland,2010,1,0.0,0.0
ISL,Iceland,2023,2,3665.0,75000.0
ISR,Israel,2010,2,20022.0,270000.0
ISR,Israel,2013,1,2003000.0,0.0
ISR,Israel,2015,1,200.0,0.0
ISR,Israel,2016,1,60137.0,520000.0
ISR,Israel,2018,1,0.0,0.0
ISR,Israel,2020,2,21.0,580000.0
ITA,Italy,2009,5,77140.0,2635000.0
ITA,Italy,2010,3,31105.0,872000.0
ITA,Italy,2011,3,0.0,545000.0
ITA,Italy,2012,5,45400.0,17137601.0
ITA,Italy,2013,1,2700.0,780000.0
ITA,Italy,2014,5,9691.0,1087000.0
ITA,Italy,2015,3,550.0,1143000.0
ITA,Italy,2016,4,30573.0,5500000.0
ITA,Italy,2017,6,4653.0,2662500.0
ITA,Italy,2018,5,2551.0,1215000.0
ITA,Italy,2019,6,1742.0,0.0
ITA,Italy,2020,7,12064.0,130000.0
ITA,Italy,2021,2,11600.0,59000.0
ITA,Italy,2022,6,333.0,0.0
ITA,Italy,2023,8,47810.0,9850000.0
JAM,Jamaica,2010,1,2506.0,150000.0
JAM,Jamaica,2012,1,215850.0,16542.0
JAM,Jamaica,2014,1,91545.0,10000.0
JAM,Jamaica,2016,1,125000.0,0.0
JAM,Jamaica,2017,1,5000.0,0.0
JOR,Jordan,2018,2,64.0,0.0
JOR,Jordan,2023,1,2000.0,0.0
JPN,Japan,2009,6,32838.0,1400000.0
JPN,Japan,2010,2,15000.0,0.0
JPN,Japan,2011,7,394615.0,212520000.0
JPN,Japan,2012,7,102288.0,1702400.0
JPN,Japan,2013,10,131028.0,222200.0
JPN,Japan,2014,13,61075.0,6681000.0
JPN,Japan,2015,10,120946.0,1630200.0
JPN,Japan,2016,10,436528.0,58200000.0
JPN,Japan,2017,4,44799.0,2202000.0
JPN,Japan,2018,7,1602397.0,31000000.0
JPN,Japan,2019,10,538220.0,26210000.0
JPN,Japan,2020,4,250174.0,6000000.0
JPN,Japan,2021,6,40097.0,10600000.0
JPN,Japan,2022,7,41334.0,11693000.0
JPN,Japan,2023,6,10814.0,0.0
KAZ,Kazakhstan,2010,2,29200.0,34576.0
KAZ,Kazakhstan,2011,1,16000.0,67000.0
KAZ,Kazakhstan,2012,2,14400.0,0.0
KAZ,Kazakhstan,2014,1,2709.0,0.0
KAZ,Kazakhstan,2015,1,12670.0,5300.0
KAZ,Kazakhstan,2017,1,7000.0,0.0
KAZ,Kazakhstan,2018,1,400.0,0.0
KAZ,Kazakhstan,2020,1,33000.0,0.0
KAZ,Kazakhstan,2021,1,71000.0,0.0
KAZ,Kazakhstan,2023,1,300.0,0.0
KEN,Kenya,2009,5,146646.0,0.0
KEN,Kenya,2010,5,215044.0,0.0
KEN,Kenya,2011,5,8150692.0,0.0
KEN,Kenya,2012,1,280670.0,100000.0
KEN,Kenya,2013,4,115800.0,36000.0
KEN,Kenya,2014,2,1603459.0,0.0
KEN,Kenya,2015,3,245299.0,0.0
KEN,Kenya,2016,3,3411000.0,0.0
KEN,Kenya,2017,3,29420.0,0.0
KEN,Kenya,2018,3,211188.0,350000.0
KEN,Kenya,2019,4,2837306.0,0.0
KEN,Kenya,2020,3,5310655.0,260000.0
KEN,Kenya,2021,2,1652253.0,0.0
KEN,Kenya,2022,1,12123.0,0.0
KEN,Kenya,2023,3,857161.0,0.0
KGZ,Kyrgyzstan,2009,1,2000000.0,0.0
KGZ,Kyrgyzstan,2010,2,8491.0,0.0
KGZ,Kyrgyzstan,2011,1,0.0,0.0
KGZ,Kyrgyzstan,2012,2,11050.0,0.0
KGZ,Kyrgyzstan,2014,1,0.0,0.0
KGZ,Kyrgyzstan,2015,1,16780.0,12000.0
KGZ,Kyrgyzstan,2017,2,5055.0,0.0
KGZ,Kyrgyzstan,2021,1,0.0,0.0
KGZ,Kyrgyzstan,2022,1,13850.0,0.0
KGZ,Kyrgyzstan,2023,1,3618.0,0.0
KHM,Cambodia,2009,2,178091.0,0.0
KHM,Cambodia,2010,1,0.0,70000.0
KHM,Cambodia,2011,1,1640023.0,521000.0
KHM,Cambodia,2012,1,71500.0,0.0
KHM,Cambodia,2013,1,1500000.0,500000.0
KHM,Cambodia,2014,1,530450.0,2000.0
KHM,Cambodia,2015,2,28300.0,0.0
KHM,Cambodia,2016,1,2500000.0,0.0
KHM,Cambodia,2018,1,5817.0,0.0
KHM,Cambodia,2019,1,435000.0,0.0
KHM,Cambodia,2020,2,759360.0,100000.0
KHM,Cambodia,2021,4,13726.0,0.0
KHM,Cambodia,2022,2,167770.0,0.0
KHM,Cambodia,2023,1,14100.0,0.0
KIR,Kiribati,2014,1,220.0,0.0
KIR,Kiribati,2015,1,1500.0,0.0
KNA,Saint Kitts and Nevis,2017,1,500.0,20000.0
KOR,Republic of Korea,2010,1,41500.0,0.0
KOR,Republic of Korea,2011,3,31026.0,52000.0
KOR,Republic of Korea,2012,3,3120.0,799000.0
KOR,Republic of Korea,2014,3,101.0,13000.0
KOR,Republic of Korea,2015,1,185.0,0.0
KOR,Republic of Korea,2016,3,31332.0,274000.0
KOR,Republic of Korea,2017,1,5057.0,0.0
KOR,Republic of Korea,2018,1,0.0,0.0
KOR,Republic of Korea,2019,4,87887.0,553000.0
KOR,Republic of Korea,2020,5,18407.0,1620000.0
KOR,Republic of Korea,2021,1,600.0,13000.0
KOR,Republic of Korea,2022,4,55856.0,423000.0
KOR,Republic of Korea,2023,3,11034.0,0.0
KWT,Kuwait,2018,1,0.0,0.0
LAO,Lao People's Democratic Republic,2009,2,128887.0,100000.0
LAO,Lao People's Democratic Republic,2011,2,467000.0,0.0
LAO,Lao People's Democratic Republic,2013,3,610253.0,121000.0
LAO,Lao People's Democratic Republic,2014,1,750.0,0.0
LAO,Lao People's Democratic Republic,2015,2,47940.0,10000.0
LAO,Lao People's Democratic Republic,2016,1,26328.0,50.0
LAO,Lao People's Democratic Republic,2017,1,0.0,0.0
LAO,Lao People's Democratic Republic,2018,3,748245.0,225000.0
LAO,Lao People's Democratic Republic,2019,2,507500.0,0.0
LAO,Lao People's Democratic Republic,2020,2,70764.0,0.0
LAO,Lao People's Democratic Republic,2021,2,26000.0,120.0
LAO,Lao People's Democratic Republic,2022,1,42552.0,0.0
LAO,Lao People's Democratic Republic,2023,1,110129.0,7719.0
LBN,Lebanon,2015,3,1001692.0,0.0
LBN,Lebanon,2018,1,0.0,0.0
LBN,Lebanon,2019,1,11009.0,0.0
LBN,Lebanon,2020,1,0.0,0.0
LBN,Lebanon,2022,1,803.0,0.0
LBN,Lebanon,2023,1,1024200.0,0.0
LBR,Liberia,2009,2,500584.0,0.0
LBR,Liberia,2010,1,15486.0,0.0
LBR,Liberia,2014,1,10682.0,0.0
LBR,Liberia,2016,1,15431.0,0.0
LBR,Liberia,2022,1,5528.0,0.0
LBY,Libya,2013,1,2000.0,0.0
LBY,Libya,2019,1,20030.0,7100.0
LBY,Libya,2023,1,1600000.0,6200000.0
LCA,Saint Lucia,2010,3,183000.0,500.0
LCA,Saint Lucia,2013,1,19984.0,0.0
LCA,Saint Lucia,2016,1,25000.0,0.0
LCA,Saint Lucia,2020,1,1318.0,0.0
LCA,Saint Lucia,2021,1,0.0,34000.0
LCA,Saint Lucia,2022,1,5500.0,0.0
LIE,Liechtenstein,2023,1,0.0,0.0
LKA,Sri Lanka,2009,4,415007.0,0.0
LKA,Sri Lanka,2010,2,770265.0,105000.0
LKA,Sri Lanka,2011,5,1355308.0,500000.0
LKA,Sri Lanka,2012,3,2316021.0,58200.0
LKA,Sri Lanka,2013,3,81300.0,2000.0
LKA,Sri Lanka,2014,7,3005826.0,27000.0
LKA,Sri Lanka,2015,2,27309.0,0.0
LKA,Sri Lanka,2016,2,1201602.0,1220000.0
LKA,Sri Lanka,2017,4,1208921.0,735000.0
LKA,Sri Lanka,2018,3,303712.0,0.0
LKA,Sri Lanka,2019,7,773425.0,0.0
LKA,Sri Lanka,2020,3,152765.0,0.0
LKA,Sri Lanka,2021,5,330777.0,0.0
LKA,Sri Lanka,2022,5,178176.0,0.0
LKA,Sri Lanka,2023,5,288848.0,0.0
LSO,Lesotho,2011,3,730515.0,0.0
LSO,Lesotho,2014,1,2600.0,0.0
LSO,Lesotho,2016,1,709000.0,0.0
LSO,Lesotho,2019,1,433000.0,0.0
LSO,Lesotho,2020,1,766000.0,0.0
LSO,Lesotho,2021,1,2550.0,0.0
LSO,Lesotho,2023,2,700017.0,0.0
LTU,Lithuania,2010,2,0.0,0.0
LTU,Lithuania,2012,2,0.0,0.0
LTU,Lithuania,2018,2,0.0,0.0
LTU,Lithuania,2022,1,0.0,0.0
LTU,Lithuania,2023,1,0.0,0.0
LUX,Luxembourg,2010,1,0.0,31000.0
LUX,Luxembourg,2019,1,1519.0,0.0
LUX,Luxembourg,2021,1,0.0,0.0
LUX,Luxembourg,2022,1,0.0,0.0
LUX,Luxembourg,2023,1,0.0,0.0
LVA,Latvia,2012,1,0.0,0.0
LVA,Latvia,2018,1,0.0,0.0
LVA,Latvia,2022,1,0.0,0.0
LVA,Latvia,2023,2,200.0,0.0
MAC,"China, Macao Special Administrative Region",2017,2,200.0,1420000.0
MAF,Saint Martin (French Part),2017,1,110.0,4100000.0
MAR,Morocco,2009,2,9520.0,0.0
MAR,Morocco,2010,2,77009.0,29000.0
MAR,Morocco,2012,1,7500.0,0.0
MAR,Morocco,2014,3,117000.0,300000.0
MAR,Morocco,2016,1,750000.0,0.0
MAR,Morocco,2017,2,1650000.0,0.0
MAR,Morocco,2018,1,70000.0,0.0
MAR,Morocco,2019,3,229.0,0.0
MAR,Morocco,2021,2,1385.0,0.0
MAR,Morocco,2023,1,845674.0,7000000.0
MDA,Republic of Moldova,2010,1,12000.0,0.0
MDA,Republic of Moldova,2012,2,13174.0,0.0
MDA,Republic of Moldova,2019,1,5460.0,0.0
MDA,Republic of Moldova,2023,1,10.0,0.0
MDG,Madagascar,2009,4,131501.0,5000.0
MDG,Madagascar,2010,2,2492132.0,0.0
MDG,Madagascar,2011,1,115215.0,0.0
MDG,Madagascar,2012,3,335599.0,100000.0
MDG,Madagascar,2013,3,45539.0,25000.0
MDG,Madagascar,2014,2,21736.0,0.0
MDG,Madagascar,2015,3,234887.0,46000.0
MDG,Madagascar,2016,1,1140000.0,0.0
MDG,Madagascar,2017,3,1696637.0,20000.0
MDG,Madagascar,2018,3,310605.0,0.0
MDG,Madagascar,2019,3,21393.0,25000.0
MDG,Madagascar,2020,3,1790046.0,0.0
MDG,Madagascar,2021,2,2400.0,0.0
MDG,Madagascar,2022,7,490384.0,16000.0
MDG,Madagascar,2023,2,389870.0,20000.0
MDV,Maldives,2011,1,1289.0,0.0
MDV,Maldives,2019,1,1800.0,0.0
MDV,Maldives,2021,1,1320.0,0.0
MDV,Maldives,2023,1,455.0,0.0
MEX,Mexico,2009,8,293871.0,40000.0
MEX,Mexico,2010,9,1600307.0,7066000.0
MEX,Mexico,2011,12,3650602.0,597700.0
MEX,Mexico,2012,3,136011.0,1175000.0
MEX,Mexico,2013,5,172000.0,5702000.0
MEX,Mexico,2014,8,171516.0,2541500.0
MEX,Mexico,2015,4,21791.0,825000.0
MEX,Mexico,2016,7,74500.0,75000.0
MEX,Mexico,2017,7,1460060.0,8302000.0
MEX,Mexico,2018,4,13124.0,543805.0
MEX,Mexico,2019,6,4842.0,383000.0
MEX,Mexico,2020,8,123599.0,410000.0
MEX,Mexico,2021,10,37345.0,1070000.0
MEX,Mexico,2022,7,55041.0,76000.0
MEX,Mexico,2023,2,988000.0,12000000.0
MHL,Marshall Islands,2013,1,6384.0,0.0
MHL,Marshall Islands,2014,1,360.0,0.0
MHL,Marshall Islands,2015,1,21000.0,4900.0
MHL,Marshall Islands,2019,1,0.0,0.0
MHL,Marshall Islands,2022,1,4480.0,0.0
MKD,North Macedonia,2012,1,5100.0,0.0
MKD,North Macedonia,2013,1,4864.0,0.0
MKD,North Macedonia,2014,1,8800.0,0.0
MKD,North Macedonia,2015,2,105030.0,87000.0
MKD,North Macedonia,2016,2,33682.0,60000.0
MKD,North Macedonia,2017,1,2220.0,0.0
MKD,North Macedonia,2021,1,80000.0,0.0
MLI,Mali,2009,2,20492.0,0.0
MLI,Mali,2010,3,632000.0,0.0
MLI,Mali,2011,3,3516605.0,0.0
MLI,Mali,2013,2,46000.0,0.0
MLI,Mali,2014,1,7.0,0.0
MLI,Mali,2015,1,2000.0,0.0
MLI,Mali,2016,1,9500.0,0.0
MLI,Mali,2018,1,13150.0,0.0
MLI,Mali,2019,2,6981.0,0.0
MLI,Mali,2020,1,6800000.0,0.0
MLI,Mali,2022,2,1814765.0,0.0
MLI,Mali,2023,1,1163.0,0.0
MLT,Malta,2022,1,0.0,0.0
MLT,Malta,2023,1,0.0,0.0
MMR,Myanmar,2009,1,1351.0,0.0
MMR,Myanmar,2010,3,406531.0,57000.0
MMR,Myanmar,2011,2,57011.0,5300.0
MMR,Myanmar,2012,2,86486.0,1170.0
MMR,Myanmar,2013,2,73300.0,0.0
MMR,Myanmar,2014,2,40000.0,0.0
MMR,Myanmar,2015,6,1636903.0,119000.0
MMR,Myanmar,2016,7,953350.0,16600.0
MMR,Myanmar,2017,2,199520.0,0.0
MMR,Myanmar,2018,5,173095.0,0.0
MMR,Myanmar,2019,3,8075.0,0.0
MMR,Myanmar,2020,2,26554.0,0.0
MMR,Myanmar,2021,1,125000.0,0.0
MMR,Myanmar,2023,5,1276747.0,2240000.0
MNE,Montenegro,2009,1,1100.0,0.0
MNE,Montenegro,2010,2,6350.0,0.0
MNE,Montenegro,2012,1,4500.0,0.0
MNE,Montenegro,2017,1,200.0,0.0
MNE,Montenegro,2022,1,0.0,0.0
MNE,Montenegro,2023,1,0.0,0.0
MNG,Mongolia,2009,2,784113.0,62094.0
MNG,Mongolia,2015,1,965000.0,0.0
MNG,Mongolia,2016,1,157000.0,0.0
MNG,Mongolia,2017,1,0.0,0.0
MNG,Mongolia,2018,3,272301.0,0.0
MNG,Mongolia,2019,3,3000.0,0.0
MNG,Mongolia,2020,4,49105.0,1700.0
MNG,Mongolia,2021,2,14480.0,0.0
MNG,Mongolia,2022,2,33931.0,0.0
MNG,Mongolia,2023,4,964435.0,0.0
MNP,Northern Mariana Islands,2015,1,360.0,0.0
MNP,Northern Mariana Islands,2018,1,0.0,0.0
MOZ,Mozambique,2009,4,33804.0,3000.0
MOZ,Mozambique,2010,3,480188.0,0.0
MOZ,Mozambique,2011,4,64271.0,0.0
MOZ,Mozambique,2012,3,110000.0,0.0
MOZ,Mozambique,2013,2,240317.0,30000.0
MOZ,Mozambique,2014,3,81404.0,0.0
MOZ,Mozambique,2015,1,177645.0,0.0
MOZ,Mozambique,2016,4,2473300.0,1500.0
MOZ,Mozambique,2017,2,751901.0,17000.0
MOZ,Mozambique,2018,2,77450.0,5100.0
MOZ,Mozambique,2019,6,2026237.0,2230000.0
MOZ,Mozambique,2020,3,2853700.0,0.0
MOZ,Mozambique,2021,3,2056082.0,0.0
MOZ,Mozambique,2022,4,1023763.0,0.0
MOZ,Mozambique,2023,4,4654026.0,0.0
MRT,Mauritania,2009,1,10000.0,0.0
MRT,Mauritania,2010,2,846750.0,0.0
MRT,Mauritania,2011,1,723000.0,0.0
MRT,Mauritania,2013,1,6530.0,2000.0
MRT,Mauritania,2017,2,3895814.0,0.0
MRT,Mauritania,2018,1,350600.0,0.0
MRT,Mauritania,2019,1,33600.0,0.0
MRT,Mauritania,2020,3,1419982.0,0.0
MRT,Mauritania,2022,1,28926.0,0.0
MRT,Mauritania,2023,1,7200.0,0.0
MTQ,Martinique,2010,1,29200.0,0.0
MTQ,Martinique,2011,1,0.0,0.0
MTQ,Martinique,2017,1,2.0,44000.0
MUS,Mauritius,2013,1,82.0,2000.0
MUS,Mauritius,2018,1,30000.0,0.0
MUS,Mauritius,2022,1,139.0,0.0
MUS,Mauritius,2023,1,2500.0,0.0
MWI,Malawi,2009,3,32197.0,0.0
MWI,Malawi,2010,1,21290.0,0.0
MWI,Malawi,2011,3,83587.0,0.0
MWI,Malawi,2012,4,1996735.0,0.0
MWI,Malawi,2013,1,33000.0,0.0
MWI,Malawi,2015,4,7339688.0,390000.0
MWI,Malawi,2016,1,2800.0,0.0
MWI,Malawi,2017,2,56371.0,0.0
MWI,Malawi,2018,3,9613.0,0.0
MWI,Malawi,2019,3,991755.0,0.0
MWI,Malawi,2020,1,2250.0,0.0
MWI,Malawi,2021,1,55551.0,0.0
MWI,Malawi,2022,6,3777400.0,0.0
MWI,Malawi,2023,1,2269644.0,506710.0
MYS,Malaysia,2009,2,10875.0,0.0
MYS,Malaysia,2011,2,20006.0,0.0
MYS,Malaysia,2013,1,75000.0,2000.0
MYS,Malaysia,2014,2,2430000.0,284000.0
MYS,Malaysia,2015,2,3010.0,2.0
MYS,Malaysia,2016,4,31841.0,132000.0
MYS,Malaysia,2017,4,22407.0,0.0
MYS,Malaysia,2018,2,16900.0,0.0
MYS,Malaysia,2019,4,22477.0,0.0
MYS,Malaysia,2020,5,21883.0,6800.0
MYS,Malaysia,2021,8,164641.0,1460000.0
MYS,Malaysia,2022,6,90719.0,240.0
MYS,Malaysia,2023,5,207320.0,0.0
NAM,Namibia,2009,1,350000.0,0.0
NAM,Namibia,2010,1,110000.0,0.0
NAM,Namibia,2011,1,500000.0,12000.0
NAM,Namibia,2012,1,650.0,0.0
NAM,Namibia,2013,3,795018.0,64000.0
NAM,Namibia,2015,1,580000.0,60000.0
NAM,Namibia,2017,1,2502.0,0.0
NAM,Namibia,2018,1,556000.0,0.0
NAM,Namibia,2020,1,1000.0,0.0
NAM,Namibia,2021,1,401.0,0.0
NAM,Namibia,2023,1,2190.0,0.0
NCL,New Caledonia,2021,1,0.0,0.0
NER,Niger,2009,3,7983642.0,0.0
NER,Niger,2010,4,234443.0,0.0
NER,Niger,2011,4,3043305.0,0.0
NER,Niger,2012,3,535826.0,184115.0
NER,Niger,2013,2,181029.0,64724.0
NER,Niger,2014,4,167222.0,2000.0
NER,Niger,2015,3,2678535.0,0.0
NER,Niger,2016,3,126344.0,0.0
NER,Niger,2017,5,1343203.0,10000.0
NER,Niger,2018,2,134292.0,0.0
NER,Niger,2019,2,223000.0,0.0
NER,Niger,2020,3,4382620.0,10000.0
NER,Niger,2021,2,111341.0,0.0
NER,Niger,2022,2,4722185.0,0.0
NER,Niger,2023,1,169651.0,0.0
NGA,Nigeria,2009,4,185255.0,0.0
NGA,Nigeria,2010,3,1543487.0,30000.0
NGA,Nigeria,2011,6,52309.0,4500.0
NGA,Nigeria,2012,3,7015896.0,501000.0
NGA,Nigeria,2013,1,81506.0,0.0
NGA,Nigeria,2014,3,46017.0,0.0
NGA,Nigeria,2015,2,102528.0,25000.0
NGA,Nigeria,2016,4,28432.0,0.0
NGA,Nigeria,2017,4,12204.0,0.0
NGA,Nigeria,2018,3,1939285.0,275000.0
NGA,Nigeria,2019,5,93974.0,0.0
NGA,Nigeria,2020,5,194312.0,100000.0
NGA,Nigeria,2021,3,187419.0,0.0
NGA,Nigeria,2022,4,21919398.0,4200000.0
NGA,Nigeria,2023,3,52847.0,0.0
NIC,Nicaragua,2009,4,28832.0,0.0
NIC,Nicaragua,2010,5,76255.0,0.0
NIC,Nicaragua,2011,1,143018.0,0.0
NIC,Nicaragua,2012,1,29500.0,0.0
NIC,Nicaragua,2013,2,15459.0,0.0
NIC,Nicaragua,2014,3,532626.0,3000.0
NIC,Nicaragua,2015,1,3750.0,0.0
NIC,Nicaragua,2016,1,10570.0,0.0
NIC,Nicaragua,2017,2,52915.0,0.0
NIC,Nicaragua,2018,2,313000.0,0.0
NIC,Nicaragua,2019,1,94513.0,0.0
NIC,Nicaragua,2020,2,930000.0,919000.0
NIC,Nicaragua,2022,2,50112.0,180000.0
NLD,Netherlands (Kingdom of the),2010,1,0.0,28000.0
NLD,Netherlands (Kingdom of the),2012,1,0.0,0.0
NLD,Netherlands (Kingdom of the),2013,3,0.0,10000.0
NLD,Netherlands (Kingdom of the),2016,1,0.0,844000.0
NLD,Netherlands (Kingdom of the),2018,2,0.0,110011.0
NLD,Netherlands (Kingdom of the),2019,1,0.0,0.0
NLD,Netherlands (Kingdom of the),2020,1,0.0,0.0
NLD,Netherlands (Kingdom of the),2021,2,4.0,0.0
NLD,Netherlands (Kingdom of the),2022,2,0.0,568420.0
NLD,Netherlands (Kingdom of the),2023,2,0.0,0.0
NOR,Norway,2011,1,500.0,0.0
NOR,Norway,2013,1,500.0,0.0
NOR,Norway,2019,1,150.0,0.0
NOR,Norway,2020,1,1010.0,130000.0
NOR,Norway,2022,2,0.0,0.0
NOR,Norway,2023,1,0.0,0.0
NPL,Nepal,2009,6,619660.0,60000.0
NPL,Nepal,2010,4,13372.0,0.0
NPL,Nepal,2011,7,194807.0,123.0
NPL,Nepal,2012,2,5.0,1000.0
NPL,Nepal,2013,3,16823.0,0.0
NPL,Nepal,2014,6,187945.0,15000.0
NPL,Nepal,2015,4,5642186.0,5174000.0
NPL,Nepal,2016,3,20574.0,15000.0
NPL,Nepal,2017,3,1713634.0,595000.0
NPL,Nepal,2018,2,1406.0,0.0
NPL,Nepal,2019,2,97395.0,204000.0
NPL,Nepal,2020,1,117677.0,100000.0
NPL,Nepal,2021,4,3941.0,0.0
NPL,Nepal,2022,6,67113.0,0.0
NPL,Nepal,2023,4,338745.0,100000.0
NZL,New Zealand,2010,1,300002.0,6500000.0
NZL,New Zealand,2011,2,301845.0,18000000.0
NZL,New Zealand,2012,1,457.0,9100.0
NZL,New Zealand,2013,3,13840.0,893000.0
NZL,New Zealand,2015,2,500.0,271000.0
NZL,New Zealand,2016,2,350.0,3925000.0
NZL,New Zealand,2017,2,2383.0,91000.0
NZL,New Zealand,2018,1,100.0,25000.0
NZL,New Zealand,2019,1,23.0,0.0
NZL,New Zealand,2020,3,2895.0,110000.0
NZL,New Zealand,2021,4,1880.0,277000.0
NZL,New Zealand,2022,1,690.0,0.0
NZL,New Zealand,2023,3,16203.0,4700000.0
OMN,Oman,2010,1,0.0,1000000.0
OMN,Oman,2011,1,200.0,0.0
OMN,Oman,2015,1,6000.0,221000.0
OMN,Oman,2016,1,0.0,0.0
OMN,Oman,2017,1,200.0,0.0
OMN,Oman,2018,2,0.0,0.0
OMN,Oman,2019,1,0.0,0.0
OMN,Oman,2020,1,100.0,0.0
OMN,Oman,2021,2,90.0,80000.0
PAK,Pakistan,2009,3,75080.0,0.0
PAK,Pakistan,2010,7,20397901.0,9598000.0
PAK,Pakistan,2011,2,5401755.0,2500000.0
PAK,Pakistan,2012,5,5050564.0,2500000.0
PAK,Pakistan,2013,5,1698756.0,1600000.0
PAK,Pakistan,2014,3,2530755.0,2018000.0
PAK,Pakistan,2015,10,2160165.0,1000.0
PAK,Pakistan,2016,9,11095.0,2000.0
PAK,Pakistan,2017,6,65735.0,110000.0
PAK,Pakistan,2018,2,5000.0,0.0
PAK,Pakistan,2019,12,4866176.0,17000.0
PAK,Pakistan,2020,7,2560289.0,1500000.0
PAK,Pakistan,2021,8,67213.0,10000.0
PAK,Pakistan,2022,5,33016869.0,15000000.0
PAK,Pakistan,2023,13,120768.0,0.0
PAN,Panama,2009,1,4248.0,0.0
PAN,Panama,2010,4,32941.0,0.0
PAN,Panama,2011,2,4000.0,0.0
PAN,Panama,2012,2,9448.0,2000.0
PAN,Panama,2013,1,0.0,200000.0
PAN,Panama,2014,1,116.0,0.0
PAN,Panama,2015,2,3500.0,0.0
PAN,Panama,2016,1,12000.0,0.0
PAN,Panama,2017,1,12000.0,0.0
PAN,Panama,2018,1,0.0,72000.0
PAN,Panama,2020,3,5150.0,11000.0
PAN,Panama,2021,2,30190.0,0.0
PAN,Panama,2022,1,150.0,0.0
PER,Peru,2009,7,277336.0,0.0
PER,Peru,2010,4,170357.0,0.0
PER,Peru,2011,6,839066.0,0.0
PER,Peru,2012,5,104683.0,0.0
PER,Peru,2013,5,281946.0,0.0
PER,Peru,2014,5,202739.0,0.0
PER,Peru,2015,3,351260.0,94000.0
PER,Peru,2016,4,21493.0,2000.0
PER,Peru,2017,3,2188505.0,3200000.0
PER,Peru,2018,1,9319.0,0.0
PER,Peru,2019,7,43579.0,0.0
PER,Peru,2020,4,7264.0,10000.0
PER,Peru,2021,10,48537.0,25000.0
PER,Peru,2022,5,4215.0,0.0
PER,Peru,2023,7,695962.0,1010000.0
PHL,Philippines,2009,25,13352484.0,962107.0
PHL,Philippines,2010,15,5581507.0,335087.0
PHL,Philippines,2011,36,11729947.0,730025.0
PHL,Philippines,2012,22,12531446.0,1005611.0
PHL,Philippines,2013,14,25667133.0,12422810.0
PHL,Philippines,2014,13,13274658.0,1063690.0
PHL,Philippines,2015,16,4019201.0,1965966.0
PHL,Philippines,2016,11,5534812.0,180074.0
PHL,Philippines,2017,14,4869805.0,161213.91999999998
PHL,Philippines,2018,11,9694321.0,569712.0
PHL,Philippines,2019,18,6928471.0,619171.0
PHL,Philippines,2020,9,6116533.0,1113474.0
PHL,Philippines,2021,14,12785052.0,1050235.0
PHL,Philippines,2022,12,7928618.0,325471.0
PHL,Philippines,2023,15,11286950.0,408156.0
PLW,Palau,2012,1,1250.0,0.0
PLW,Palau,2013,1,0.0,0.0
PLW,Palau,2015,1,14200.0,0.0
PLW,Palau,2018,1,124.0,0.0
PLW,Palau,2021,1,7288.0,0.0
PNG,Papua New Guinea,2009,4,7391.0,0.0
PNG,Papua New Guinea,2011,1,0.0,0.0
PNG,Papua New Guinea,2012,2,200000.0,27000.0
PNG,Papua New Guinea,2013,1,35000.0,0.0
PNG,Papua New Guinea,2014,3,40726.0,0.0
PNG,Papua New Guinea,2015,3,2549199.0,60000.0
PNG,Papua New Guinea,2016,1,6600.0,0.0
PNG,Papua New Guinea,2018,4,545036.0,61000.0
PNG,Papua New Guinea,2019,4,16801.0,0.0
PNG,Papua New Guinea,2020,5,61000.0,0.0
PNG,Papua New Guinea,2022,1,1969.0,0.0
PNG,Papua New Guinea,2023,1,16274.0,0.0
POL,Poland,2009,3,1952.0,100000.0
POL,Poland,2010,3,282400.0,3080000.0
POL,Poland,2011,1,0.0,0.0
POL,Poland,2012,4,310.0,5900.0
POL,Poland,2013,2,53.0,0.0
POL,Poland,2014,1,0.0,0.0
POL,Poland,2015,2,1217.0,0.0
POL,Poland,2016,2,3.0,0.0
POL,Poland,2017,1,5844.0,275000.0
POL,Poland,2018,2,0.0,0.0
POL,Poland,2019,1,157.0,0.0
POL,Poland,2020,2,5206.0,0.0
POL,Poland,2021,3,2015.0,0.0
POL,Poland,2022,4,1512.0,0.0
POL,Poland,2023,1,0.0,0.0
PRI,Puerto Rico,2011,2,2271.0,500000.0
PRI,Puerto Rico,2012,1,0.0,0.0
PRI,Puerto Rico,2014,1,0.0,0.0
PRI,Puerto Rico,2017,2,750000.0,68000000.0
PRI,Puerto Rico,2018,2,400.0,0.0
PRI,Puerto Rico,2020,3,5228.0,1009800.0
PRI,Puerto Rico,2022,2,0.0,2517000.0
PRK,Democratic People's Republic of Korea,2010,3,95785.0,0.0
PRK,Democratic People's Republic of Korea,2011,3,57592.0,0.0
PRK,Democratic People's Republic of Korea,2012,3,3137550.0,11400.0
PRK,Democratic People's Republic of Korea,2013,1,848690.0,0.0
PRK,Democratic People's Republic of Korea,2015,2,18003541.0,0.0
PRK,Democratic People's Republic of Korea,2016,2,667715.0,61000.0
PRK,Democratic People's Republic of Korea,2017,1,126574.0,0.0
PRK,Democratic People's Republic of Korea,2018,3,653179.0,29640.0
PRK,Democratic People's Republic of Korea,2019,2,15400000.0,24000.0
PRK,Democratic People's Republic of Korea,2020,1,85000.0,0.0
PRK,Democratic People's Republic of Korea,2021,1,5000.0,0.0
PRT,Portugal,2009,1,0.0,0.0
PRT,Portugal,2010,3,618.0,1620000.0
PRT,Portugal,2013,3,3967.0,0.0
PRT,Portugal,2014,2,54.0,0.0
PRT,Portugal,2016,1,1361.0,157000.0
PRT,Portugal,2017,2,3475.0,732000.0
PRT,Portugal,2018,3,417.0,115500.0
PRT,Portugal,2019,1,51.0,0.0
PRT,Portugal,2022,3,187.0,0.0
PRT,Portugal,2023,2,1435.0,0.0
PRY,Paraguay,2009,4,212759.0,820.0
PRY,Paraguay,2010,1,0.0,0.0
PRY,Paraguay,2011,3,31945.0,0.0
PRY,Paraguay,2012,3,1495945.0,6000.0
PRY,Paraguay,2013,3,186400.0,25000.0
PRY,Paraguay,2014,2,233360.0,0.0
PRY,Paraguay,2015,3,150175.0,0.0
PRY,Paraguay,2016,1,0.0,0.0
PRY,Paraguay,2018,2,46300.0,0.0
PRY,Paraguay,2019,4,525197.0,0.0
PRY,Paraguay,2020,1,106127.0,0.0
PRY,Paraguay,2021,2,6000.0,0.0
PRY,Paraguay,2023,2,46675.0,0.0
PSE,State of Palestine,2010,1,500.0,0.0
PSE,State of Palestine,2012,1,1500.0,0.0
PSE,State of Palestine,2013,2,62571.0,0.0
PSE,State of Palestine,2015,2,31050.0,0.0
PSE,State of Palestine,2020,1,30000.0,0.0
PSE,State of Palestine,2022,1,3500.0,0.0
PYF,French Polynesia,2010,1,3411.0,11000.0
PYF,French Polynesia,2017,1,5004.0,2000.0
QAT,Qatar,2018,1,1500.0,10000.0
REU,Réunion,2014,1,265.0,85000.0
REU,Réunion,2018,1,200.0,0.0
REU,Réunion,2022,1,13.0,0.0
REU,Réunion,2023,1,25000.0,0.0
ROU,Romania,2009,4,24.0,0.0
ROU,Romania,2010,2,12237.0,1111428.0
ROU,Romania,2012,1,7539.0,0.0
ROU,Romania,2013,1,6901.0,11000.0
ROU,Romania,2014,3,2525.0,0.0
ROU,Romania,2015,1,2000.0,0.0
ROU,Romania,2016,2,500.0,0.0
ROU,Romania,2017,1,137.0,7300.0
ROU,Romania,2018,3,3900.0,0.0
ROU,Romania,2019,1,362.0,0.0
ROU,Romania,2020,1,1550.0,85000.0
ROU,Romania,2021,1,100.0,0.0
ROU,Romania,2022,1,0.0,0.0
ROU,Romania,2023,3,0.0,0.0
RUS,Russian Federation,2010,8,55671.0,3666000.0
RUS,Russian Federation,2011,3,14183.0,24015.0
RUS,Russian Federation,2012,8,48999.0,1757000.0
RUS,Russian Federation,2013,3,337126.0,1033000.0
RUS,Russian Federation,2014,1,24545.0,8000.0
RUS,Russian Federation,2015,2,7477.0,136820.0
RUS,Russian Federation,2016,3,11696.0,12000.0
RUS,Russian Federation,2017,2,15922.0,2000.0
RUS,Russian Federation,2018,2,14975.0,10000.0
RUS,Russian Federation,2019,5,50204.0,592000.0
RUS,Russian Federation,2021,5,31761.0,200000.0
RUS,Russian Federation,2022,3,3252.0,0.0
RUS,Russian Federation,2023,4,28276.0,50000.0
RWA,Rwanda,2010,2,5937.0,0.0
RWA,Rwanda,2011,1,3608.0,0.0
RWA,Rwanda,2012,1,11160.0,0.0
RWA,Rwanda,2015,1,3431.0,0.0
RWA,Rwanda,2016,2,30030.0,0.0
RWA,Rwanda,2017,2,6553.0,0.0
RWA,Rwanda,2018,4,26423.0,72000.0
RWA,Rwanda,2019,2,5958.0,0.0
RWA,Rwanda,2020,5,22455.0,0.0
RWA,Rwanda,2021,2,19865.0,0.0
RWA,Rwanda,2022,3,1300.0,0.0
RWA,Rwanda,2023,1,51982.0,0.0
SAU,Saudi Arabia,2009,1,10000.0,900000.0
SAU,Saudi Arabia,2010,2,85.0,0.0
SAU,Saudi Arabia,2011,1,0.0,300000.0
SAU,Saudi Arabia,2012,1,0.0,0.0
SAU,Saudi Arabia,2013,2,1021.0,0.0
SAU,Saudi Arabia,2015,2,0.0,2000.0
SAU,Saudi Arabia,2016,3,1037.0,50000.0
SAU,Saudi Arabia,2017,1,481.0,0.0
SAU,Saudi Arabia,2019,3,1418.0,0.0
SAU,Saudi Arabia,2020,1,600.0,0.0
SDN,Sudan,2009,1,111455.0,0.0
SDN,Sudan,2010,2,26362.0,0.0
SDN,Sudan,2011,1,30.0,0.0
SDN,Sudan,2012,3,3335813.0,0.0
SDN,Sudan,2013,1,500133.0,7000.0
SDN,Sudan,2014,1,266204.0,0.0
SDN,Sudan,2015,3,800000.0,0.0
SDN,Sudan,2016,2,200636.0,0.0
SDN,Sudan,2017,2,86409.0,0.0
SDN,Sudan,2018,3,127476.0,0.0
SDN,Sudan,2019,4,355106.0,0.0
SDN,Sudan,2020,3,877150.0,250000.0
SDN,Sudan,2021,3,322018.0,0.0
SDN,Sudan,2022,2,12188422.0,10000.0
SEN,Senegal,2009,1,264000.0,0.0
SEN,Senegal,2010,2,102516.0,0.0
SEN,Senegal,2011,2,855220.0,0.0
SEN,Senegal,2012,1,57000.0,10000.0
SEN,Senegal,2013,1,163306.0,0.0
SEN,Senegal,2014,2,639703.0,0.0
SEN,Senegal,2016,1,10646.0,0.0
SEN,Senegal,2018,1,320000.0,0.0
SEN,Senegal,2019,1,8968.0,0.0
SEN,Senegal,2020,1,17000.0,18000.0
SEN,Senegal,2022,1,20010.0,0.0
SGP,Singapore,2016,1,13051.0,0.0
SLB,Solomon Islands,2009,1,7000.0,0.0
SLB,Solomon Islands,2010,3,17938.0,0.0
SLB,Solomon Islands,2011,1,0.0,0.0
SLB,Solomon Islands,2012,1,4836.0,0.0
SLB,Solomon Islands,2013,3,20256.0,4000.0
SLB,Solomon Islands,2014,1,52000.0,24000.0
SLB,Solomon Islands,2015,3,44496.0,2000.0
SLB,Solomon Islands,2016,2,23012.0,0.0
SLB,Solomon Islands,2018,1,1000.0,0.0
SLB,Solomon Islands,2020,1,150000.0,0.0
SLB,Solomon Islands,2023,1,22319.0,0.0
SLE,Sierra Leone,2009,1,1470.0,0.0
SLE,Sierra Leone,2010,2,239.0,0.0
SLE,Sierra Leone,2011,1,0.0,0.0
SLE,Sierra Leone,2012,1,23009.0,0.0
SLE,Sierra Leone,2013,1,2257.0,0.0
SLE,Sierra Leone,2014,1,14124.0,0.0
SLE,Sierra Leone,2015,1,24303.0,0.0
SLE,Sierra Leone,2017,1,11916.0,30000.0
SLE,Sierra Leone,2019,2,10381.0,0.0
SLE,Sierra Leone,2022,1,12982.0,0.0
SLE,Sierra Leone,2023,1,17.0,0.0
SLV,El Salvador,2009,3,94598.0,966000.0
SLV,El Salvador,2010,3,11753.0,20000.0
SLV,El Salvador,2011,1,300000.0,1000000.0
SLV,El Salvador,2013,1,63079.0,0.0
SLV,El Salvador,2014,1,12783.0,0.0
SLV,El Salvador,2015,3,720000.0,100000.0
SLV,El Salvador,2017,1,584.0,0.0
SLV,El Salvador,2018,3,396208.0,37000.0
SLV,El Salvador,2019,2,16733.0,0.0
SLV,El Salvador,2020,4,150365.0,220000.0
SLV,El Salvador,2021,1,300.0,0.0
SLV,El Salvador,2022,2,9373.0,17000.0
SLV,El Salvador,2023,1,500.0,0.0
SOM,Somalia,2009,1,1750.0,0.0
SOM,Somalia,2010,3,4016200.0,0.0
SOM,Somalia,2011,1,2800.0,0.0
SOM,Somalia,2012,3,3032200.0,0.0
SOM,Somalia,2013,3,247380.0,2000.0
SOM,Somalia,2014,2,625624.0,0.0
SOM,Somalia,2015,5,7620296.0,0.0
SOM,Somalia,2016,2,14165.0,0.0
SOM,Somalia,2017,1,13126.0,0.0
SOM,Somalia,2018,2,928000.0,80000.0
SOM,Somalia,2019,4,2030000.0,0.0
SOM,Somalia,2020,3,1311020.0,0.0
SOM,Somalia,2021,2,7500000.0,993000.0
SOM,Somalia,2022,1,4416.0,0.0
SOM,Somalia,2023,6,3334387.0,0.0
SPI,Canary Islands,2021,1,6888.0,1000000.0
SRB,Serbia,2009,2,3710.0,0.0
SRB,Serbia,2010,5,32330.0,132260.0
SRB,Serbia,2011,1,5000.0,0.0
SRB,Serbia,2012,3,88234.0,0.0
SRB,Serbia,2013,2,3000.0,0.0
SRB,Serbia,2014,5,62600.0,2048262.0
SRB,Serbia,2016,2,8655.0,100000.0
SRB,Serbia,2017,1,0.0,0.0
SRB,Serbia,2018,1,231.0,0.0
SRB,Serbia,2019,1,11650.0,0.0
SRB,Serbia,2020,1,16500.0,28000.0
SRB,Serbia,2021,1,22.0,0.0
SRB,Serbia,2022,1,0.0,0.0
SRB,Serbia,2023,5,15662.0,0.0
SSD,South Sudan,2009,1,4300000.0,0.0
SSD,South Sudan,2010,2,290000.0,0.0
SSD,South Sudan,2012,2,157000.0,0.0
SSD,South Sudan,2013,3,581003.0,0.0
SSD,South Sudan,2014,2,6486.0,0.0
SSD,South Sudan,2015,1,1818.0,0.0
SSD,South Sudan,2016,4,3625826.0,0.0
SSD,South Sudan,2019,4,935749.0,0.0
SSD,South Sudan,2020,1,1042000.0,0.0
SSD,South Sudan,2021,2,8558670.0,0.0
SSD,South Sudan,2022,1,1000000.0,0.0
SSD,South Sudan,2023,1,178.0,0.0
STP,Sao Tome and Principe,2021,1,219668.0,0.0
STP,Sao Tome and Principe,2022,1,1187.0,0.0
SUR,Suriname,2021,1,10100.0,0.0
SUR,Suriname,2022,1,9000.0,21000.0
SVK,Slovakia,2010,3,650.0,25000.0
SVK,Slovakia,2012,1,0.0,0.0
SVK,Slovakia,2013,1,7800.0,0.0
SVK,Slovakia,2017,1,0.0,0.0
SVK,Slovakia,2019,1,0.0,0.0
SVK,Slovakia,2020,1,250.0,0.0
SVK,Slovakia,2021,1,0.0,0.0
SVK,Slovakia,2022,1,0.0,0.0
SVK,Slovakia,2023,2,0.0,0.0
SVN,Slovenia,2010,1,2000.0,19989.0
SVN,Slovenia,2012,1,12000.0,265000.0
SVN,Slovenia,2014,2,54400.0,0.0
SVN,Slovenia,2020,1,0.0,0.0
SVN,Slovenia,2021,1,1500.0,0.0
SVN,Slovenia,2022,1,0.0,0.0
SVN,Slovenia,2023,3,1503123.0,500000.0
SWE,Sweden,2013,1,0.0,0.0
SWE,Sweden,2018,1,0.0,102000.0
SWE,Sweden,2020,1,0.0,0.0
SWE,Sweden,2021,1,13500.0,70000.0
SWE,Sweden,2022,1,0.0,0.0
SWE,Sweden,2023,1,0.0,0.0
SWZ,Eswatini,2014,1,400.0,0.0
SWZ,Eswatini,2016,1,492000.0,0.0
SWZ,Eswatini,2019,1,232000.0,0.0
SWZ,Eswatini,2021,1,0.0,0.0
SWZ,Eswatini,2022,1,1058.0,0.0
SXM,Sint Maarten (Dutch part),2017,1,5040.0,2500000.0
SYC,Seychelles,2013,1,3000.0,9300.0
SYC,Seychelles,2014,1,4435.0,0.0
SYC,Seychelles,2016,1,253.0,0.0
SYR,Syrian Arab Republic,2015,2,3500.0,0.0
SYR,Syrian Arab Republic,2019,1,235000.0,0.0
SYR,Syrian Arab Republic,2020,1,140079.0,0.0
SYR,Syrian Arab Republic,2021,2,5642003.0,0.0
SYR,Syrian Arab Republic,2022,2,365654.0,0.0
SYR,Syrian Arab Republic,2023,6,8715250.0,8900000.0
TCA,Turks and Caicos Islands,2017,1,0.0,500000.0
TCD,Chad,2009,4,2413786.0,0.0
TCD,Chad,2010,4,149898.0,0.0
TCD,Chad,2011,2,18123.0,0.0
TCD,Chad,2012,4,2215339.0,10000.0
TCD,Chad,2017,2,1887452.0,0.0
TCD,Chad,2018,1,4227.0,0.0
TCD,Chad,2019,2,460.0,0.0
TCD,Chad,2020,2,36934.0,0.0
TCD,Chad,2021,1,269180.0,0.0
TCD,Chad,2022,2,3235591.0,0.0
TGO,Togo,2009,1,0.0,0.0
TGO,Togo,2010,3,111786.0,0.0
TGO,Togo,2013,1,168.0,0.0
TGO,Togo,2015,1,324.0,0.0
TGO,Togo,2017,1,16060.0,0.0
TGO,Togo,2020,1,57000.0,0.0
TGO,Togo,2022,1,18596.0,0.0
THA,Thailand,2009,1,200000.0,0.0
THA,Thailand,2010,3,15454135.0,332000.0
THA,Thailand,2011,5,11253854.0,40317000.0
THA,Thailand,2012,2,12235545.0,1200.0
THA,Thailand,2013,3,3515254.0,579000.0
THA,Thailand,2014,8,1150811.0,72000.0
THA,Thailand,2015,2,1440.0,3300561.0
THA,Thailand,2016,4,808843.0,145000.0
THA,Thailand,2017,6,3819058.0,1308400.0
THA,Thailand,2019,3,878885.0,0.0
THA,Thailand,2020,7,1196084.0,60000.0
THA,Thailand,2021,6,958594.0,591000.0
THA,Thailand,2022,11,1381745.0,13000.0
THA,Thailand,2023,3,271323.0,0.0
TJK,Tajikistan,2009,1,15000.0,1000.0
TJK,Tajikistan,2010,4,16918.0,205500.0
TJK,Tajikistan,2011,2,2130.0,0.0
TJK,Tajikistan,2012,3,8087.0,760.0
TJK,Tajikistan,2013,1,2500.0,0.0
TJK,Tajikistan,2014,2,13223.0,2000.0
TJK,Tajikistan,2015,4,18778.0,5000.0
TJK,Tajikistan,2016,2,12905.0,0.0
TJK,Tajikistan,2017,3,1045.0,0.0
TJK,Tajikistan,2018,1,5725.0,0.0
TJK,Tajikistan,2019,1,6750.0,0.0
TJK,Tajikistan,2020,1,2690.0,0.0
TJK,Tajikistan,2021,3,25110.0,9000.0
TJK,Tajikistan,2023,2,2205.0,0.0
TLS,Timor-Leste,2014,1,197.0,0.0
TLS,Timor-Leste,2015,1,2003.0,4000.0
TLS,Timor-Leste,2016,1,120000.0,0.0
TLS,Timor-Leste,2020,1,9131.0,20000.0
TLS,Timor-Leste,2021,1,143670.0,0.0
TLS,Timor-Leste,2022,1,1353.0,0.0
TON,Tonga,2009,1,507.0,9500.0
TON,Tonga,2011,1,7600.0,3000.0
TON,Tonga,2014,1,4014.0,31000.0
TON,Tonga,2015,1,0.0,0.0
TON,Tonga,2016,3,392.0,0.0
TON,Tonga,2018,1,87000.0,0.0
TON,Tonga,2019,2,501.0,0.0
TON,Tonga,2020,1,25000.0,111000.0
TON,Tonga,2022,1,84176.0,118000.0
TTO,Trinidad and Tobago,2010,1,0.0,0.0
TTO,Trinidad and Tobago,2018,1,150000.0,3700.0
TTO,Trinidad and Tobago,2022,1,100000.0,0.0
TUN,Tunisia,2009,1,5008.0,0.0
TUN,Tunisia,2017,1,2000.0,0.0
TUN,Tunisia,2018,1,30000.0,36000.0
TUN,Tunisia,2020,1,40000.0,0.0
TUN,Tunisia,2021,2,1000.0,0.0
TUN,Tunisia,2022,1,4000.0,0.0
TUR,Türkiye,2009,3,35137.0,550000.0
TUR,Türkiye,2010,2,3806.0,0.0
TUR,Türkiye,2011,3,43164.0,1744000.0
TUR,Türkiye,2012,1,0.0,0.0
TUR,Türkiye,2014,1,324.0,0.0
TUR,Türkiye,2015,1,6500.0,0.0
TUR,Türkiye,2017,2,630.0,600000.0
TUR,Türkiye,2018,1,100.0,0.0
TUR,Türkiye,2019,4,16743.0,0.0
TUR,Türkiye,2020,10,87810.0,1075000.0
TUR,Türkiye,2021,3,568248.0,545000.0
TUR,Türkiye,2022,3,3421.0,50000.0
TUR,Türkiye,2023,8,16108079.0,34025000.0
TUV,Tuvalu,2011,1,0.0,0.0
TUV,Tuvalu,2015,1,4613.0,0.0
TUV,Tuvalu,2020,1,5500.0,0.0
TUV,Tuvalu,2021,1,10204.0,0.0
TWN,Taiwan (Province of China),2009,1,2307523.0,250000.0
TWN,Taiwan (Province of China),2010,3,196.0,1073100.0
TWN,Taiwan (Province of China),2012,3,35000.0,52200.0
TWN,Taiwan (Province of China),2013,5,1670.0,63700.0
TWN,Taiwan (Province of China),2014,2,0.0,420000.0
TWN,Taiwan (Province of China),2015,3,762.0,26000.0
TWN,Taiwan (Province of China),2016,5,985.0,932000.0
TWN,Taiwan (Province of China),2017,2,4205.0,45300.0
TWN,Taiwan (Province of China),2018,2,6425.0,134000.0
TWN,Taiwan (Province of China),2019,1,0.0,0.0
TWN,Taiwan (Province of China),2020,1,1.0,0.0
TWN,Taiwan (Province of China),2021,2,0.0,0.0
TWN,Taiwan (Province of China),2022,2,240.0,50400.0
TWN,Taiwan (Province of China),2023,3,258.0,10000.0
TZA,United Republic of Tanzania,2009,4,51205.0,0.0
TZA,United Republic of Tanzania,2011,4,1065976.0,0.0
TZA,United Republic of Tanzania,2012,1,0.0,0.0
TZA,United Republic of Tanzania,2014,2,40000.0,2000.0
TZA,United Republic of Tanzania,2015,4,47824.0,0.0
TZA,United Republic of Tanzania,2016,4,279876.0,458000.0
TZA,United Republic of Tanzania,2017,1,0.0,0.0
TZA,United Republic of Tanzania,2018,1,15873.0,0.0
TZA,United Republic of Tanzania,2019,6,2005216.0,0.0
TZA,United Republic of Tanzania,2020,5,65081.0,0.0
TZA,United Republic of Tanzania,2021,3,2132001.0,0.0
TZA,United Republic of Tanzania,2022,2,60583.0,0.0
TZA,United Republic of Tanzania,2023,4,2904841.0,0.0
UGA,Uganda,2009,2,544.0,0.0
UGA,Uganda,2010,2,12985.0,0.0
UGA,Uganda,2011,3,732122.0,0.0
UGA,Uganda,2012,5,24412.0,0.0
UGA,Uganda,2013,4,243942.0,3100.0
UGA,Uganda,2016,3,11590.0,2700.0
UGA,Uganda,2017,1,14.0,0.0
UGA,Uganda,2018,2,1000.0,0.0
UGA,Uganda,2019,8,209553.0,0.0
UGA,Uganda,2020,7,140200.0,0.0
UGA,Uganda,2021,3,117464.0,0.0
UGA,Uganda,2022,6,599306.0,0.0
UGA,Uganda,2023,1,1016.0,0.0
UKR,Ukraine,2009,2,0.0,0.0
UKR,Ukraine,2010,1,40059.0,1900.0
UKR,Ukraine,2012,3,88026.0,1690000.0
UKR,Ukraine,2013,1,2260.0,21000.0
UKR,Ukraine,2016,2,200.0,0.0
UKR,Ukraine,2017,1,0.0,0.0
UKR,Ukraine,2018,1,600.0,0.0
UKR,Ukraine,2020,3,56968.0,315861.0
UKR,Ukraine,2021,1,1700.0,170000.0
UKR,Ukraine,2023,2,2873.0,0.0
URY,Uruguay,2009,1,4000.0,0.0
URY,Uruguay,2010,1,0.0,0.0
URY,Uruguay,2015,3,35326.0,0.0
URY,Uruguay,2016,1,10605.0,3000.0
URY,Uruguay,2017,1,6639.0,0.0
URY,Uruguay,2018,1,75000.0,500000.0
URY,Uruguay,2019,3,13103.0,0.0
URY,Uruguay,2020,2,720.0,0.0
URY,Uruguay,2022,2,409275.0,0.0
URY,Uruguay,2023,3,412587.0,0.0
USA,United States of America,2009,17,11323.0,12256000.0
USA,United States of America,2010,15,12571.0,9402500.0
USA,United States of America,2011,22,431398.0,59433000.0
USA,United States of America,2012,25,93551.0,98521000.0
USA,United States of America,2013,28,214574.0,17787400.0
USA,United States of America,2014,20,107084.0,16778000.0
USA,United States of America,2015,29,46590.0,25574000.0
USA,United States of America,2016,27,85119040.0,44720000.0
USA,United States of America,2017,24,867075.0,190510000.0
USA,United States of America,2018,20,1763795.0,66750000.0
USA,United States of America,2019,21,19501.0,23150000.0
USA,United States of America,2020,23,41431.0,77850000.0
USA,United States of America,2021,43,78969.0,142515000.0
USA,United States of America,2022,27,6934.0,147436000.0
USA,United States of America,2023,25,28033.0,68160000.0
UZB,Uzbekistan,2011,1,86.0,0.0
UZB,Uzbekistan,2020,1,70060.0,0.0
UZB,Uzbekistan,2021,1,6.0,0.0
UZB,Uzbekistan,2022,1,165.0,0.0
VCT,Saint Vincent and the Grenadines,2010,2,6100.0,48000.0
VCT,Saint Vincent and the Grenadines,2011,1,275.0,31100.0
VCT,Saint Vincent and the Grenadines,2013,1,17422.0,108000.0
VCT,Saint Vincent and the Grenadines,2016,2,25000.0,29700.0
VCT,Saint Vincent and the Grenadines,2020,1,1760.0,0.0
VCT,Saint Vincent and the Grenadines,2021,2,13429.0,325000.0
VCT,Saint Vincent and the Grenadines,2023,1,150.0,0.0
VEN,Venezuela (Bolivarian Republic of),2009,1,0.0,0.0
VEN,Venezuela (Bolivarian Republic of),2010,2,94800.0,170000.0
VEN,Venezuela (Bolivarian Republic of),2011,4,3786.0,16000.0
VEN,Venezuela (Bolivarian Republic of),2012,1,11000.0,93000.0
VEN,Venezuela (Bolivarian Republic of),2015,1,45297.0,0.0
VEN,Venezuela (Bolivarian Republic of),2016,1,0.0,0.0
VEN,Venezuela (Bolivarian Republic of),2018,2,10700.0,0.0
VEN,Venezuela (Bolivarian Republic of),2019,1,2000.0,0.0
VEN,Venezuela (Bolivarian Republic of),2020,1,3690.0,30000.0
VEN,Venezuela (Bolivarian Republic of),2021,2,1401300.0,0.0
VEN,Venezuela (Bolivarian Republic of),2022,8,186801.0,0.0
VEN,Venezuela (Bolivarian Republic of),2023,1,112.0,0.0
VGB,British Virgin Islands,2017,2,0.0,3000000.0
VIR,United States Virgin Islands,2017,2,0.0,0.0
VNM,Viet Nam,2009,6,3717461.0,1065200.0
VNM,Viet Nam,2010,7,1524433.0,704700.0
VNM,Viet Nam,2011,5,1361647.0,219002.0
VNM,Viet Nam,2012,4,356512.0,372800.0
VNM,Viet Nam,2013,10,4124445.0,1552730.0
VNM,Viet Nam,2014,3,48075.0,10700.0
VNM,Viet Nam,2015,5,1765215.0,6954218.0
VNM,Viet Nam,2016,9,2503129.0,846437.0
VNM,Viet Nam,2017,9,5133216.0,3162655.0
VNM,Viet Nam,2018,7,283756.0,287200.0
VNM,Viet Nam,2019,8,833732.0,62000.0
VNM,Viet Nam,2020,11,2198070.0,1451992.0
VNM,Viet Nam,2021,8,398343.0,26500.0
VNM,Viet Nam,2022,8,515165.0,66500.0
VNM,Viet Nam,2023,6,305153.0,0.0
VUT,Vanuatu,2009,2,1350.0,0.0
VUT,Vanuatu,2011,2,32000.0,0.0
VUT,Vanuatu,2014,1,20006.0,2000.0
VUT,Vanuatu,2015,1,188000.0,449400.0
VUT,Vanuatu,2016,1,351.0,0.0
VUT,Vanuatu,2017,2,13564.0,0.0
VUT,Vanuatu,2018,2,13586.0,0.0
VUT,Vanuatu,2020,1,130120.0,0.0
VUT,Vanuatu,2021,1,3383.0,0.0
VUT,Vanuatu,2023,3,593702.0,0.0
WLF,Wallis and Futuna Islands,2012,1,1252.0,0.0
WSM,Samoa,2009,1,5584.0,124040.0
WSM,Samoa,2012,1,12703.0,133000.0
WSM,Samoa,2015,1,0.0,0.0
WSM,Samoa,2018,1,0.0,0.0
WSM,Samoa,2019,1,5617.0,0.0
YEM,Yemen,2009,1,0.0,0.0
YEM,Yemen,2010,2,1002.0,0.0
YEM,Yemen,2013,1,49092.0,0.0
YEM,Yemen,2015,3,128091.0,200000.0
YEM,Yemen,2016,3,29950.0,0.0
YEM,Yemen,2017,3,306.0,0.0
YEM,Yemen,2018,2,15874.0,0.0
YEM,Yemen,2019,5,601528.0,0.0
YEM,Yemen,2020,4,173374.0,20000.0
YEM,Yemen,2021,2,228208.0,0.0
YEM,Yemen,2022,3,219400.0,0.0
YEM,Yemen,2023,2,308333.0,0.0
ZAF,South Africa,2009,3,20300.0,0.0
ZAF,South Africa,2010,1,6000.0,0.0
ZAF,South Africa,2011,3,206644.0,221000.0
ZAF,South Africa,2012,2,126350.0,200000.0
ZAF,South Africa,2013,1,2870.0,0.0
ZAF,South Africa,2014,2,9187.0,85000.0
ZAF,South Africa,2015,1,2700000.0,250000.0
ZAF,South Africa,2016,3,7520.0,280000.0
ZAF,South Africa,2017,5,13136.0,2223000.0
ZAF,South Africa,2019,6,754520.0,185000.0
ZAF,South Africa,2020,2,410.0,0.0
ZAF,South Africa,2021,4,12012437.0,75000.0
ZAF,South Africa,2022,8,199296.0,3675000.0
ZAF,South Africa,2023,6,9667.0,0.0
ZMB,Zambia,2009,2,620012.0,0.0
ZMB,Zambia,2010,2,1350.0,0.0
ZMB,Zambia,2011,1,1375.0,0.0
ZMB,Zambia,2012,1,153.0,0.0
ZMB,Zambia,2013,1,1800.0,0.0
ZMB,Zambia,2014,1,20000.0,0.0
ZMB,Zambia,2017,1,4371.0,0.0
ZMB,Zambia,2019,2,1430000.0,0.0
ZMB,Zambia,2020,3,705772.0,0.0
ZMB,Zambia,2021,1,1580000.0,0.0
ZMB,Zambia,2022,1,21582.0,0.0
ZMB,Zambia,2023,4,196828.0,0.0
ZWE,Zimbabwe,2009,2,1346.0,0.0
ZWE,Zimbabwe,2010,4,1668696.0,0.0
ZWE,Zimbabwe,2011,2,1140.0,0.0
ZWE,Zimbabwe,2013,2,4309700.0,500000.0
ZWE,Zimbabwe,2014,2,2502.0,20000.0
ZWE,Zimbabwe,2015,2,486.0,0.0
ZWE,Zimbabwe,2016,1,2000.0,0.0
ZWE,Zimbabwe,2017,2,7013023.0,189000.0
ZWE,Zimbabwe,2018,2,15894.0,0.0
ZWE,Zimbabwe,2019,2,270486.0,0.0
ZWE,Zimbabwe,2021,2,169900.0,0.0
ZWE,Zimbabwe,2022,3,9551.0,0.0
ZWE,Zimbabwe,2023,2,4217.0,0.0
